id,status,clinical_date,notification_date,recovery_date,removal_date,vacc_date,longitude,latitude,area_h,n_total
0,NIL,NA,NA,NA,NA,NA,153.02197791264726,-27.733581610271173,766.2864589317484,136
1,NIL,NA,NA,NA,NA,NA,152.72015280331829,-27.11020956247772,283.8486126354708,263
2,NIL,NA,NA,NA,NA,NA,152.68599566652045,-27.06255810323963,147.6575120509245,212
3,NIL,NA,NA,NA,NA,NA,153.04357650028402,-27.558742976822256,117.19277991360858,384
4,NIL,NA,NA,NA,NA,NA,152.83677153023115,-27.742113387553022,149.7871493466159,452
5,NIL,NA,NA,NA,NA,NA,153.1460163007074,-27.602911192868625,298.5935727682606,357
6,NIL,NA,NA,NA,NA,NA,151.26395445711825,-28.464812882558206,128.24808943477538,269
7,NIL,NA,NA,NA,NA,NA,151.20691166331096,-28.81447223213666,324.81782201799103,332
8,NIL,NA,NA,NA,NA,NA,151.43368472882685,-28.327667094949078,51.23850971014078,888
9,NIL,NA,NA,NA,NA,NA,150.663730568767,-33.460701349990416,88.04250316438248,898
10,NIL,NA,NA,NA,NA,NA,150.88668218585377,-34.045350752256155,32.088583262016286,372
11,NIL,NA,NA,NA,NA,NA,150.85039355541426,-33.62709423427826,83.56639025643194,229
12,NIL,NA,NA,NA,NA,NA,150.81851118069216,-33.40989076617795,26.028734760895837,385
13,NIL,NA,NA,NA,NA,NA,150.53575588704342,-34.011882066870285,140.42226940303817,591
14,NIL,NA,NA,NA,NA,NA,151.111939506115,-33.6941509335647,234.5486927999985,502
15,NIL,NA,NA,NA,NA,NA,146.0850383725222,-34.564806009059865,191.41991763501636,316
16,NIL,NA,NA,NA,NA,NA,145.83085185098545,-34.05335173421787,178.81028097429345,138
17,NIL,NA,NA,NA,NA,NA,146.31302922596768,-34.628632672727385,103.17810882430166,346
18,NIL,NA,NA,NA,NA,NA,150.94486242994492,-32.63234797411114,314.3867743620837,868
19,NIL,NA,NA,NA,NA,NA,150.66843327128663,-32.260857035221065,354.6337763226094,464
20,NIL,NA,NA,NA,NA,NA,151.4923970920239,-32.44286423400253,154.83718979394823,309
21,NIL,NA,NA,NA,NA,NA,150.6315735202314,-33.645908953125826,167.38321403341766,196
22,NIL,NA,NA,NA,NA,NA,151.06534271216475,-33.75460640780241,76.5984240650058,351
23,NIL,NA,NA,NA,NA,NA,150.93886111850207,-33.66299007563495,279.3446920774799,396
24,NIL,NA,NA,NA,NA,NA,151.16371212469517,-33.61605745738638,94.24468634538366,306
25,NIL,NA,NA,NA,NA,NA,151.3837927261332,-33.30775185365873,121.49402569338747,212
26,NIL,NA,NA,NA,NA,NA,151.01738753979583,-33.6986404231626,48.73739025594742,392
27,NIL,NA,NA,NA,NA,NA,150.9827459233739,-31.10534858354042,53.73830133606251,270
28,NIL,NA,NA,NA,NA,NA,151.32756338709282,-31.34753101165157,82.15496160820697,66
29,NIL,NA,NA,NA,NA,NA,150.69491062350232,-30.782983155756355,90.25059559061823,382
30,NIL,NA,NA,NA,NA,NA,150.99436077037268,-31.212219224803604,24.86336739202476,420
31,NIL,NA,NA,NA,NA,NA,150.6612592585722,-30.81259459882049,66.04343976594754,321
32,NIL,NA,NA,NA,NA,NA,151.00548230540872,-31.477687167675967,52.69305492029952,519
33,NIL,NA,NA,NA,NA,NA,151.1581757686135,-31.062099685710628,72.72430169808509,428
34,NIL,NA,NA,NA,NA,NA,150.8912867290471,-30.940481619376374,62.55037281939649,336
35,NIL,NA,NA,NA,NA,NA,150.83262008154264,-31.15655935999912,32.27940425106566,583
36,NIL,NA,NA,NA,NA,NA,150.72462981527076,-31.245073613199345,68.13224562593572,534
37,NIL,NA,NA,NA,NA,NA,150.78806906203243,-31.397544864388323,39.59031646261377,493
38,NIL,NA,NA,NA,NA,NA,150.89399169859956,-31.29085605806375,21.63936526383264,152
39,NIL,NA,NA,NA,NA,NA,151.080072345541,-31.26959397999384,62.13066389233124,194
40,NIL,NA,NA,NA,NA,NA,150.51943071362314,-31.373176616284805,73.26905693781539,54
41,NIL,NA,NA,NA,NA,NA,151.14321483328968,-30.922710829736175,84.1171476798869,143
42,NIL,NA,NA,NA,NA,NA,150.87864081669215,-31.487229462040112,23.850858514500764,159
43,NIL,NA,NA,NA,NA,NA,151.36611580958885,-31.16048339291097,24.887199481146475,322
44,NIL,NA,NA,NA,NA,NA,151.25464776048744,-31.220014695554134,19.642517788121463,156
45,NIL,NA,NA,NA,NA,NA,151.0806081280968,-31.276064125349578,105.61476778033817,303
46,NIL,NA,NA,NA,NA,NA,150.4286447093328,-31.245862582671307,16.717084424845808,103
47,NIL,NA,NA,NA,NA,NA,151.31155115033374,-31.15685824440026,17.01706014684142,381
48,NIL,NA,NA,NA,NA,NA,151.09083983054,-31.411492841874214,197.81146644032518,460
49,NIL,NA,NA,NA,NA,NA,150.8690317767822,-31.43064719059508,36.743398038374714,42
50,NIL,NA,NA,NA,NA,NA,150.8217647006657,-31.45611274271895,31.87610508618687,221
51,NIL,NA,NA,NA,NA,NA,150.8597855648797,-31.529950005308194,21.490361527762218,225
52,NIL,NA,NA,NA,NA,NA,151.53237397670938,-32.94186448703029,130.45056424522505,34
53,NIL,NA,NA,NA,NA,NA,152.08842127000423,-32.59940406540574,44.311161058838856,93
54,NIL,NA,NA,NA,NA,NA,151.76328208489946,-32.707758842645575,18.542303452414,193
55,NIL,NA,NA,NA,NA,NA,151.37039557170232,-33.00537223027458,105.17926784042788,145
56,NIL,NA,NA,NA,NA,NA,151.38393014908434,-32.90938796189891,112.05918669934823,63
57,NIL,NA,NA,NA,NA,NA,151.93471987422578,-32.48285760890751,22.605613562841427,249
58,NIL,NA,NA,NA,NA,NA,151.45405777812914,-32.98125098523843,83.75179136504572,31
59,NIL,NA,NA,NA,NA,NA,151.3931578082972,-32.6998706608755,36.46918816739038,133
60,NIL,NA,NA,NA,NA,NA,151.88678397376276,-32.54059312740527,76.46483475336676,90
61,NIL,NA,NA,NA,NA,NA,151.35143801917184,-32.685914431798196,51.54220189127711,47
62,NIL,NA,NA,NA,NA,NA,151.6874319873508,-32.704330052607645,15.707924031487742,130
63,NIL,NA,NA,NA,NA,NA,151.92884054011,-32.752574405421484,71.9062353170711,82
64,NIL,NA,NA,NA,NA,NA,151.7236314532507,-32.92519876510357,53.149855197871176,28
65,NIL,NA,NA,NA,NA,NA,152.06174594445582,-32.576409416827644,27.033268092868926,62
66,NIL,NA,NA,NA,NA,NA,151.4407461257544,-32.944061843425075,56.638623154295054,76
67,NIL,NA,NA,NA,NA,NA,151.41189013442943,-32.79591882143758,317.3029975604775,42
68,NIL,NA,NA,NA,NA,NA,151.97423614081356,-32.477800728957504,13.389047169635012,97
69,NIL,NA,NA,NA,NA,NA,152.01684107127477,-32.49078215673224,49.3433731215776,168
70,NIL,NA,NA,NA,NA,NA,151.66678224869526,-32.440035494749424,37.98350705470374,129
71,NIL,NA,NA,NA,NA,NA,151.98586399702054,-32.6019037013325,31.16626285234273,20
72,NIL,NA,NA,NA,NA,NA,151.75293502338485,-32.70342736684752,24.55792676398126,53
73,NIL,NA,NA,NA,NA,NA,151.56265083362337,-32.73724356604041,66.43325254803575,172
74,NIL,NA,NA,NA,NA,NA,151.594714899674,-32.603975250722016,120.8036465833854,67
75,NIL,NA,NA,NA,NA,NA,152.0792540930663,-32.59801421896444,31.898654729108664,114
76,NIL,NA,NA,NA,NA,NA,151.15605490660263,-32.68215045447971,44.67600009731564,35
77,NIL,NA,NA,NA,NA,NA,145.64902353261672,-17.148785785342273,16.316413174534656,10
78,NIL,NA,NA,NA,NA,NA,145.11178432512105,-17.007353073844584,9.81678880152641,10
79,NIL,NA,NA,NA,NA,NA,145.3446163357205,-16.99316851209312,15.237685889990448,10
80,NIL,NA,NA,NA,NA,NA,145.74699557872572,-16.914190254155002,14.130632541140384,10
81,NIL,NA,NA,NA,NA,NA,145.75307463744042,-16.859599974884475,15.395757604455232,10
82,NIL,NA,NA,NA,NA,NA,145.4915056881232,-16.710006768568668,17.35839147758527,10
83,NIL,NA,NA,NA,NA,NA,145.71994497535502,-16.99449609099704,5.064455541572232,10
84,NIL,NA,NA,NA,NA,NA,145.09309719532246,-16.94948685782642,17.685030732946885,10
85,NIL,NA,NA,NA,NA,NA,145.3494514070075,-16.57199405485721,8.53744865220229,10
86,NIL,NA,NA,NA,NA,NA,145.40919985105916,-16.57294843010196,4.785845426828516,10
87,NIL,NA,NA,NA,NA,NA,145.3768957485874,-16.729658597978382,20.733213529061878,10
88,NIL,NA,NA,NA,NA,NA,145.18613030054047,-17.355896994439682,18.14311656359539,10
89,NIL,NA,NA,NA,NA,NA,145.41198147834356,-16.64614940644795,3.1719531625407784,10
90,NIL,NA,NA,NA,NA,NA,145.11119982952323,-16.801927386240152,1.8600684139283858,10
91,NIL,NA,NA,NA,NA,NA,145.81483572938743,-17.069053183683625,7.765685582450089,10
92,NIL,NA,NA,NA,NA,NA,145.12105096959505,-17.011729148307328,13.070062101049276,10
93,NIL,NA,NA,NA,NA,NA,145.67537885815503,-17.374171314040904,9.940434946711747,10
94,NIL,NA,NA,NA,NA,NA,149.50105142914114,-34.96585969126447,4.105336109744309,125
95,NIL,NA,NA,NA,NA,NA,150.10808743339544,-34.59153108134052,35.837350072361815,113
96,NIL,NA,NA,NA,NA,NA,149.66514997116087,-34.476986918305855,8.259061954137177,197
97,NIL,NA,NA,NA,NA,NA,149.33518012482568,-34.94974178648468,5.665428604778121,105
98,NIL,NA,NA,NA,NA,NA,149.91537404984052,-34.58122342398623,32.94897220957805,167
99,NIL,NA,NA,NA,NA,NA,149.89232644230884,-35.13110689083469,8.497824044097353,135
100,NIL,NA,NA,NA,NA,NA,149.47444007897468,-34.94714673056565,9.613710856786819,97
101,NIL,NA,NA,NA,NA,NA,149.7753821685243,-34.60639026211268,136.86375728265642,109
102,NIL,NA,NA,NA,NA,NA,149.57942136036087,-35.04421818398548,21.384593693513928,96
103,NIL,NA,NA,NA,NA,NA,149.25977202384772,-34.657336300992164,9.263077786996625,42
104,NIL,NA,NA,NA,NA,NA,149.6979316607984,-35.08207685237515,10.31536073434061,186
105,NIL,NA,NA,NA,NA,NA,150.120583393344,-34.952824866004136,3.9417825204775423,145
106,NIL,NA,NA,NA,NA,NA,149.2021768621588,-34.68593402486155,8.038162882857693,36
107,NIL,NA,NA,NA,NA,NA,149.46319308428681,-35.10883880463082,13.585396371797456,214
108,NIL,NA,NA,NA,NA,NA,149.5224761540891,-35.030135615601196,5.953206630476373,358
109,NIL,NA,NA,NA,NA,NA,149.5356867702775,-34.93243971409258,9.979373528385036,362
110,NIL,NA,NA,NA,NA,NA,150.07818949139272,-34.63380235545118,27.142646921382042,210
111,NIL,NA,NA,NA,NA,NA,151.33708615627432,-33.14893021815844,32.96882721474482,9
112,NIL,NA,NA,NA,NA,NA,151.58606755308614,-32.726047067972274,8.503217865781249,3
113,NIL,NA,NA,NA,NA,NA,151.50657656996043,-32.624341434565125,8.239011890070293,75
114,NIL,NA,NA,NA,NA,NA,151.3629352041491,-33.302438088338505,4.117290902182278,72
115,NIL,NA,NA,NA,NA,NA,151.50845032184012,-33.19211035045885,6.55487793171574,32
116,NIL,NA,NA,NA,NA,NA,151.17007639730576,-32.909855105810145,3.7721895919055624,134
117,NIL,NA,NA,NA,NA,NA,151.58270626354093,-32.7286690090416,5.323081250427478,12
118,NIL,NA,NA,NA,NA,NA,151.44026912728236,-32.752325354000604,4.213335361760115,75
119,NIL,NA,NA,NA,NA,NA,151.44794076843021,-32.70087773964149,14.516531242055464,25
120,NIL,NA,NA,NA,NA,NA,151.43278876446774,-32.628674273779765,11.094022218511853,24
121,NIL,NA,NA,NA,NA,NA,152.02288245887354,-32.629398947361295,9.133807496348144,168
122,NIL,NA,NA,NA,NA,NA,151.6286733900509,-32.93850937423234,22.877302958264753,57
123,NIL,NA,NA,NA,NA,NA,151.61885387641445,-32.94427098390452,8.917999968693685,20
124,NIL,NA,NA,NA,NA,NA,151.24199672179958,-32.932973896222265,46.87623662726509,1
125,NIL,NA,NA,NA,NA,NA,151.3606676359949,-33.202118443874625,13.975053237060289,100
126,NIL,NA,NA,NA,NA,NA,151.16786135345043,-32.97535141817532,10.038947978302772,141
127,NIL,NA,NA,NA,NA,NA,151.22591056177637,-32.796801132771016,23.350273608745518,162
128,NIL,NA,NA,NA,NA,NA,153.1247565580882,-27.792391780672,57.542101211536455,32
129,NIL,NA,NA,NA,NA,NA,153.01650716900102,-27.387893363092033,11.1437482704919,2
130,NIL,NA,NA,NA,NA,NA,153.23299038360102,-27.64525826647077,31.933518380647403,4
131,NIL,NA,NA,NA,NA,NA,153.1938213037652,-27.770493372182926,24.59849642833402,2
132,NIL,NA,NA,NA,NA,NA,153.38074755924885,-27.69516815845941,31.713851209086723,56
133,NIL,NA,NA,NA,NA,NA,153.0495980937076,-27.82805268913858,18.250818562435075,4
134,NIL,NA,NA,NA,NA,NA,153.4303239094142,-27.546040552525454,66.01471771544466,19
135,NIL,NA,NA,NA,NA,NA,152.90378166302654,-27.90934733396579,6.026114813258423,4
136,NIL,NA,NA,NA,NA,NA,153.02042937405326,-27.42939378044897,40.47988324364513,1
137,NIL,NA,NA,NA,NA,NA,152.9163018302845,-27.444758510836266,48.05392515221783,4
138,NIL,NA,NA,NA,NA,NA,153.11750247156317,-27.666552866496566,130.71060848877158,86
139,NIL,NA,NA,NA,NA,NA,152.93777460852993,-27.47933052280606,17.316984961961413,6
140,NIL,NA,NA,NA,NA,NA,152.80439087630901,-27.71934360060564,45.31430400740024,26
141,NIL,NA,NA,NA,NA,NA,153.1109438491936,-27.852050401925105,58.99891168072326,15
142,NIL,NA,NA,NA,NA,NA,153.36545673190892,-27.94139444255434,54.55277308683766,55
143,NIL,NA,NA,NA,NA,NA,153.30580717841286,-28.057963183027617,23.386181050552256,5
144,NIL,NA,NA,NA,NA,NA,152.9444094938758,-27.64360479764853,81.14786737341734,262
145,NIL,NA,NA,NA,NA,NA,138.83084093022674,-34.86470015496157,1.5295095532444203,10
146,NIL,NA,NA,NA,NA,NA,138.30723617275032,-34.493166525875836,14.745997790031788,10
147,NIL,NA,NA,NA,NA,NA,138.93967872721032,-34.43102688558719,14.287388385318822,10
148,NIL,NA,NA,NA,NA,NA,138.6973115749409,-34.96452010819917,3.049245493982994,10
149,NIL,NA,NA,NA,NA,NA,138.5751645840037,-34.66344576858829,5.077800442214066,10
150,NIL,NA,NA,NA,NA,NA,138.65840749427792,-35.036486434023246,17.872855905952406,10
151,NIL,NA,NA,NA,NA,NA,138.68418826139586,-34.6072585324234,1.9878993316544435,10
152,NIL,NA,NA,NA,NA,NA,138.59071413101452,-34.842716449692695,7.758023248656598,10
153,NIL,NA,NA,NA,NA,NA,138.58799201517513,-34.71686821120353,14.679878699507006,10
154,NIL,NA,NA,NA,NA,NA,139.0683398599783,-34.58769578921449,5.873525396834316,10
155,NIL,NA,NA,NA,NA,NA,138.52670855196163,-34.60855759437348,15.053308234051409,10
156,NIL,NA,NA,NA,NA,NA,138.89498700120672,-34.753316720940546,9.569585978347577,10
157,NIL,NA,NA,NA,NA,NA,138.43324972256062,-34.35602810504669,13.10331576799313,10
158,NIL,NA,NA,NA,NA,NA,138.58737501818393,-34.23445562973808,4.446684107439848,10
159,NIL,NA,NA,NA,NA,NA,138.49225734389017,-34.38335047423009,12.934749949988063,10
160,NIL,NA,NA,NA,NA,NA,138.93411971574125,-34.75072247596245,6.402798104264611,10
161,NIL,NA,NA,NA,NA,NA,138.65755152975098,-34.991040791572914,4.409400386936704,10
162,NIL,NA,NA,NA,NA,NA,153.28156376235015,-28.958085257785804,25.761544893254257,5
163,NIL,NA,NA,NA,NA,NA,153.35163629800394,-28.93215489099175,21.775455972087663,235
164,NIL,NA,NA,NA,NA,NA,153.27283712441618,-28.364110325477156,116.11556559319276,7
165,NIL,NA,NA,NA,NA,NA,153.41102044138648,-28.29158593308168,57.476802421150744,41
166,NIL,NA,NA,NA,NA,NA,153.44971825046855,-28.80522949045853,66.59001509337413,15
167,NIL,NA,NA,NA,NA,NA,153.3103978898967,-28.98404834510105,12.600782914319419,17
168,NIL,NA,NA,NA,NA,NA,153.44416269683234,-28.559739386462986,4.937957062431434,4
169,NIL,NA,NA,NA,NA,NA,153.29423394953608,-28.325236902865246,31.27336631585467,133
170,NIL,NA,NA,NA,NA,NA,153.5421220384967,-28.52140550361065,20.070109826381586,88
171,NIL,NA,NA,NA,NA,NA,153.44814163089114,-28.503984404186696,23.62476899895176,181
172,NIL,NA,NA,NA,NA,NA,153.54227065753656,-28.770874803145215,27.820143021415443,63
173,NIL,NA,NA,NA,NA,NA,153.5484446344521,-28.512093165974402,16.399197579660044,120
174,NIL,NA,NA,NA,NA,NA,153.33336859148596,-28.434893901258356,29.751783361343698,7
175,NIL,NA,NA,NA,NA,NA,153.39768527235395,-28.834271382192362,10.31148347345261,105
176,NIL,NA,NA,NA,NA,NA,153.49661091867566,-28.63603276906267,22.907258520210323,267
177,NIL,NA,NA,NA,NA,NA,153.43011963878047,-28.82648859939361,27.715263124728914,6
178,NIL,NA,NA,NA,NA,NA,153.1250406855669,-28.600841233458965,83.70277462364899,424
179,NIL,NA,NA,NA,NA,NA,145.81530782995674,-17.06815591618134,19.26753366095854,1000
180,NIL,NA,NA,NA,NA,NA,152.63681076943328,-27.201171725029663,15.5747239836184,1785
181,NIL,NA,NA,NA,NA,NA,152.8505318067968,-27.822024751254755,151.03181913881215,1562
182,NIL,NA,NA,NA,NA,NA,151.0366233407928,-28.027388545947453,25.338874680155815,1997
183,NIL,NA,NA,NA,NA,NA,150.7310077605672,-31.23529078131147,25.423767984328556,1417
184,NIL,NA,NA,NA,NA,NA,151.17668021731856,-32.653266635342874,8.325680574207473,2479
185,NIL,NA,NA,NA,NA,NA,150.99637150794564,-33.59796205552486,18.031495484901566,1933
186,NIL,NA,NA,NA,NA,NA,150.73364735459865,-33.50202595853153,1.984981167238284,1480
187,NIL,NA,NA,NA,NA,NA,146.20976682939124,-34.33718551910928,169.188955847776,1735
188,NIL,NA,NA,NA,NA,NA,153.1951891786552,-27.554658482192927,73.73722535501989,712
189,NIL,NA,NA,NA,NA,NA,152.74600478885594,-27.074814965922766,250.49746811718657,448
190,NIL,NA,NA,NA,NA,NA,152.93864029938644,-27.236717044677327,85.61888978158782,538
191,NIL,NA,NA,NA,NA,NA,152.92725379285048,-27.558207094038615,28.309898925441534,470
192,NIL,NA,NA,NA,NA,NA,152.94180558632019,-27.407760795396875,16.535182812743177,263
193,NIL,NA,NA,NA,NA,NA,153.0477913744204,-27.9663112568959,111.98348064020774,263
194,NIL,NA,NA,NA,NA,NA,150.85594276341527,-28.771295074506625,242.4067277881068,348
195,NIL,NA,NA,NA,NA,NA,150.86829628341553,-28.54420682602578,300.63293651887926,719
196,NIL,NA,NA,NA,NA,NA,150.64225889964024,-28.51467675878926,390.02747139380887,307
197,NIL,NA,NA,NA,NA,NA,150.91960318384446,-34.058431039664185,112.07280106747046,218
198,NIL,NA,NA,NA,NA,NA,151.11384528262892,-33.64709105447413,220.40772243408833,962
199,NIL,NA,NA,NA,NA,NA,150.581045888,-33.43893118950193,87.16542675554913,433
200,NIL,NA,NA,NA,NA,NA,151.1512517183853,-33.62461508367352,108.92994851072702,244
201,NIL,NA,NA,NA,NA,NA,150.84569949155315,-33.517183558587355,254.95802300046142,461
202,NIL,NA,NA,NA,NA,NA,150.7185953112122,-33.74002123963044,521.5565723410679,476
203,NIL,NA,NA,NA,NA,NA,145.69591175153982,-34.05596054176819,227.8276966647598,328
204,NIL,NA,NA,NA,NA,NA,146.01490112106487,-34.17031868484127,149.4714914824636,434
205,NIL,NA,NA,NA,NA,NA,146.1537717623464,-34.53021512955052,625.1098386051547,263
206,NIL,NA,NA,NA,NA,NA,150.91400860579103,-32.74658304173083,295.69180050189567,318
207,NIL,NA,NA,NA,NA,NA,151.05738283601357,-32.67510342554132,297.2844355145854,524
208,NIL,NA,NA,NA,NA,NA,150.93354467502203,-32.65078404918253,528.7685594188639,263
209,NIL,NA,NA,NA,NA,NA,150.8286016855821,-34.25166881420169,157.0408291574148,358
210,NIL,NA,NA,NA,NA,NA,151.15486448321593,-33.787593313007605,542.4508384198533,485
211,NIL,NA,NA,NA,NA,NA,150.69363262086438,-34.028514564070704,7.300965032920553,384
212,NIL,NA,NA,NA,NA,NA,151.02876495327894,-33.473277319312274,173.63588942637338,452
213,NIL,NA,NA,NA,NA,NA,151.19672879725047,-33.7602155379098,79.45753104689014,301
214,NIL,NA,NA,NA,NA,NA,151.1853297259486,-33.70300430400671,435.43460177854956,335
215,NIL,NA,NA,NA,NA,NA,150.97651730415782,-31.521899509567692,40.49148102680442,65
216,NIL,NA,NA,NA,NA,NA,151.14618525435162,-31.331559612640966,41.19471303955863,312
217,NIL,NA,NA,NA,NA,NA,151.0880319050143,-31.288946114880943,30.672476999757265,86
218,NIL,NA,NA,NA,NA,NA,150.4528650142387,-31.176890767484974,33.28260769898511,128
219,NIL,NA,NA,NA,NA,NA,151.28428956391065,-31.226387418224192,43.87655802553407,177
220,NIL,NA,NA,NA,NA,NA,150.76128918880045,-31.01576674209917,47.90420915935025,143
221,NIL,NA,NA,NA,NA,NA,150.8772365298742,-30.745576012428483,25.79750936804353,375
222,NIL,NA,NA,NA,NA,NA,150.7173895700929,-30.78932745015988,33.61320012830612,257
223,NIL,NA,NA,NA,NA,NA,151.29523196048888,-30.91701796029559,9.358636733139377,211
224,NIL,NA,NA,NA,NA,NA,150.95386716220577,-31.255133485955028,41.82044343405178,132
225,NIL,NA,NA,NA,NA,NA,150.88980258850745,-31.433759329561234,113.78798365475537,164
226,NIL,NA,NA,NA,NA,NA,150.48483793963135,-31.213008286361728,93.28288059415644,138
227,NIL,NA,NA,NA,NA,NA,150.60253152086887,-31.096588246997438,69.34567344515767,233
228,NIL,NA,NA,NA,NA,NA,150.91306149462417,-31.00913244541662,31.204021542176477,74
229,NIL,NA,NA,NA,NA,NA,150.43413958682984,-31.246742907846055,14.885222622244287,165
230,NIL,NA,NA,NA,NA,NA,150.82927100179768,-30.738565678496297,31.813436761819883,220
231,NIL,NA,NA,NA,NA,NA,150.89814202809544,-31.1107192846654,69.77352623897886,303
232,NIL,NA,NA,NA,NA,NA,150.84780767689236,-31.351256966401188,27.74251465691269,480
233,NIL,NA,NA,NA,NA,NA,150.96205666349294,-31.010521547895273,28.577693115287286,445
234,NIL,NA,NA,NA,NA,NA,150.6498978582734,-30.93463753886489,243.57124063927108,110
235,NIL,NA,NA,NA,NA,NA,151.16562430244016,-30.987184802696948,238.83480463931338,214
236,NIL,NA,NA,NA,NA,NA,150.94832579608268,-31.39300747505778,8.608301804677174,156
237,NIL,NA,NA,NA,NA,NA,150.9327401131423,-30.892362337911543,63.13273124714534,236
238,NIL,NA,NA,NA,NA,NA,151.1655317743865,-31.11477178279199,60.27103938946687,819
239,NIL,NA,NA,NA,NA,NA,150.7448396058099,-30.924544093431557,75.73620474620651,260
240,NIL,NA,NA,NA,NA,NA,151.70586807123817,-32.841600660586664,63.1198872350936,57
241,NIL,NA,NA,NA,NA,NA,151.49133481754075,-32.64962342774503,150.75262151817,281
242,NIL,NA,NA,NA,NA,NA,151.50361152299286,-33.15516444625926,79.15729967945802,76
243,NIL,NA,NA,NA,NA,NA,151.57315655746612,-32.98454461895533,73.98687725046778,284
244,NIL,NA,NA,NA,NA,NA,151.75064597968972,-32.808352742661555,35.79099333162142,132
245,NIL,NA,NA,NA,NA,NA,151.2020985738369,-32.64740191662639,53.04827545542486,28
246,NIL,NA,NA,NA,NA,NA,151.4230926609868,-32.996015050305814,496.6664612580481,173
247,NIL,NA,NA,NA,NA,NA,151.4510634624154,-32.781598279189616,22.063958608454413,146
248,NIL,NA,NA,NA,NA,NA,151.52392571497822,-32.58632882848232,36.823473841376526,354
249,NIL,NA,NA,NA,NA,NA,151.6653906314167,-32.58954059362682,81.91741957681306,164
250,NIL,NA,NA,NA,NA,NA,151.55782092333078,-33.03281782791376,24.565417487789883,39
251,NIL,NA,NA,NA,NA,NA,151.80018605778037,-32.80310244427392,41.630626799904356,243
252,NIL,NA,NA,NA,NA,NA,151.33471136317362,-32.88288572363754,117.15290852135429,48
253,NIL,NA,NA,NA,NA,NA,151.68829641910392,-32.66707192546266,389.8968083004228,90
254,NIL,NA,NA,NA,NA,NA,151.4946921595513,-32.658069782368486,64.23957444419815,187
255,NIL,NA,NA,NA,NA,NA,151.59403912913712,-32.526482414535906,28.016920813247992,264
256,NIL,NA,NA,NA,NA,NA,151.87865818913883,-32.64254078225808,4.782265874793943,87
257,NIL,NA,NA,NA,NA,NA,151.6429119730422,-32.740995285760754,249.78903914700481,159
258,NIL,NA,NA,NA,NA,NA,151.9148889535102,-32.485613258655306,22.300700920988334,170
259,NIL,NA,NA,NA,NA,NA,151.50535609098426,-33.025720187184234,149.18249283901045,52
260,NIL,NA,NA,NA,NA,NA,152.05496969820172,-32.74595078886239,33.69077074805151,191
261,NIL,NA,NA,NA,NA,NA,151.3206396810633,-32.81403991715429,52.05474655955821,28
262,NIL,NA,NA,NA,NA,NA,151.1940659924971,-32.587055540011605,41.524389438368544,354
263,NIL,NA,NA,NA,NA,NA,151.60135798739174,-32.94845544714138,106.63297717520277,50
264,NIL,NA,NA,NA,NA,NA,151.36909834450353,-32.79497585678226,63.010977095577786,52
265,NIL,NA,NA,NA,NA,NA,145.42097168479546,-17.42219914288883,20.385262362148207,10
266,NIL,NA,NA,NA,NA,NA,145.45199653722014,-17.25487444746785,23.517209925630624,10
267,NIL,NA,NA,NA,NA,NA,145.34768613678335,-16.8733336335495,4.518018048284699,10
268,NIL,NA,NA,NA,NA,NA,145.36270176633766,-17.25830369396334,8.63640427353028,10
269,NIL,NA,NA,NA,NA,NA,145.43509623344636,-17.267736009745207,9.03968526525026,10
270,NIL,NA,NA,NA,NA,NA,145.88798558090525,-17.031819836948173,7.177445844969133,10
271,NIL,NA,NA,NA,NA,NA,145.63772814737052,-17.286182514118526,12.596941068808583,10
272,NIL,NA,NA,NA,NA,NA,145.60515533421395,-16.90519596756377,31.202053072012088,10
273,NIL,NA,NA,NA,NA,NA,145.1860570888611,-17.35074033903326,8.184845201643446,10
274,NIL,NA,NA,NA,NA,NA,145.1125893235901,-17.20899942481599,22.942264312138935,10
275,NIL,NA,NA,NA,NA,NA,145.57478312314902,-17.19528071454759,53.92484565765255,10
276,NIL,NA,NA,NA,NA,NA,145.4191114171838,-17.13443174558754,26.208630129658868,10
277,NIL,NA,NA,NA,NA,NA,145.21141748415317,-16.613476835153712,6.656979540275674,10
278,NIL,NA,NA,NA,NA,NA,145.2641717566275,-17.306934484479797,26.40459221531229,10
279,NIL,NA,NA,NA,NA,NA,145.67183208556818,-17.056102980777304,12.688429847840657,10
280,NIL,NA,NA,NA,NA,NA,145.5558193234437,-17.367440146943892,26.867057161023254,10
281,NIL,NA,NA,NA,NA,NA,145.68659724143444,-16.945820586897433,8.311227480528428,10
282,NIL,NA,NA,NA,NA,NA,149.91934487471133,-35.04750094129366,3.784346942846782,96
283,NIL,NA,NA,NA,NA,NA,150.10849531976243,-34.91123090980062,5.893195354756068,233
284,NIL,NA,NA,NA,NA,NA,149.97540610905966,-34.695960137603294,31.494008073738563,324
285,NIL,NA,NA,NA,NA,NA,149.26906354234148,-34.622038375466175,3.987434872653831,805
286,NIL,NA,NA,NA,NA,NA,149.40605043212412,-35.01570368004445,17.310244245134893,336
287,NIL,NA,NA,NA,NA,NA,150.03585963495505,-34.95537894099467,14.248163047414902,484
288,NIL,NA,NA,NA,NA,NA,149.25998515880576,-34.5924641516467,16.234059878498464,153
289,NIL,NA,NA,NA,NA,NA,150.11890837689864,-34.72622030736757,2.0398267820391447,168
290,NIL,NA,NA,NA,NA,NA,149.89542553028951,-34.62124736011175,5.412422275770921,427
291,NIL,NA,NA,NA,NA,NA,150.21674123327676,-34.81918363191677,3.6182184227857763,88
292,NIL,NA,NA,NA,NA,NA,150.09831764864987,-34.545505681013275,4.98203625552178,164
293,NIL,NA,NA,NA,NA,NA,149.93603031149402,-34.72328477752718,11.447280997540659,152
294,NIL,NA,NA,NA,NA,NA,150.0784206783058,-34.68152488769827,11.398673449884498,183
295,NIL,NA,NA,NA,NA,NA,149.61657632246727,-35.15666729973684,13.026510365814241,13
296,NIL,NA,NA,NA,NA,NA,149.73368035382578,-34.357653318649945,7.126408823268505,11
297,NIL,NA,NA,NA,NA,NA,149.59049883766426,-34.423137274624025,8.71484545799631,24
298,NIL,NA,NA,NA,NA,NA,150.06664745089773,-34.734984681183136,4.9480022324990385,48
299,NIL,NA,NA,NA,NA,NA,151.25298507813358,-32.93563582762823,8.235599296681448,5
300,NIL,NA,NA,NA,NA,NA,151.86205920921637,-32.57427560364165,0.5223695635079629,232
301,NIL,NA,NA,NA,NA,NA,151.50315105624176,-32.779740051721,14.159048859999615,63
302,NIL,NA,NA,NA,NA,NA,151.67886924490944,-32.82625454483784,10.290581280006666,14
303,NIL,NA,NA,NA,NA,NA,151.6818725886044,-32.62471255967361,4.015573521055515,83
304,NIL,NA,NA,NA,NA,NA,151.464463152356,-33.29376816306528,7.718101664954078,6
305,NIL,NA,NA,NA,NA,NA,151.64851952613805,-32.82367575951305,1.3822472752810027,130
306,NIL,NA,NA,NA,NA,NA,151.61120974099788,-32.83392160100158,7.169353724426555,92
307,NIL,NA,NA,NA,NA,NA,151.74316903205698,-32.61101393129765,9.353928388532752,108
308,NIL,NA,NA,NA,NA,NA,151.82561273007184,-32.54240406472323,9.075278658663342,122
309,NIL,NA,NA,NA,NA,NA,151.83959200849495,-32.58531285085209,9.14103011316818,62
310,NIL,NA,NA,NA,NA,NA,151.54806704451934,-32.78142065650903,11.394682273088412,42
311,NIL,NA,NA,NA,NA,NA,151.78367939397162,-32.543151650701475,3.9119892394576437,38
312,NIL,NA,NA,NA,NA,NA,151.48226308151098,-33.230285561270335,5.365975506424064,4
313,NIL,NA,NA,NA,NA,NA,151.25315083926068,-32.811560501515544,3.989795587721315,29
314,NIL,NA,NA,NA,NA,NA,151.44305510240082,-32.597801074374836,5.2765957485441355,106
315,NIL,NA,NA,NA,NA,NA,151.3895295936922,-32.62862377770155,10.714289198050484,72
316,NIL,NA,NA,NA,NA,NA,153.0820130206816,-27.847345027626936,10.747987469956454,116
317,NIL,NA,NA,NA,NA,NA,152.81553553442777,-27.65926505453774,53.81135585171236,3
318,NIL,NA,NA,NA,NA,NA,153.27498590001545,-28.068598900932415,23.168774522571788,4
319,NIL,NA,NA,NA,NA,NA,153.09462560529013,-28.023753383095865,214.7358701607489,4
320,NIL,NA,NA,NA,NA,NA,153.01657969914288,-27.83127001246747,22.8980747690785,3
321,NIL,NA,NA,NA,NA,NA,153.17429465882304,-27.548643805524605,115.07341756149994,22
322,NIL,NA,NA,NA,NA,NA,153.20831474044638,-27.72859928397893,137.99746964585142,4
323,NIL,NA,NA,NA,NA,NA,153.2673207303959,-27.75569599033777,40.3624609266966,4
324,NIL,NA,NA,NA,NA,NA,153.0388516782615,-27.981520377098832,53.81698338060414,31
325,NIL,NA,NA,NA,NA,NA,153.17517466315044,-27.749042603687826,10.442715117164997,2
326,NIL,NA,NA,NA,NA,NA,152.97426841218746,-27.556710892082062,17.50494597352182,61
327,NIL,NA,NA,NA,NA,NA,152.83840868024996,-27.573578203923198,22.00262571902267,137
328,NIL,NA,NA,NA,NA,NA,153.2064359501971,-27.760165825764417,30.47170495762755,3
329,NIL,NA,NA,NA,NA,NA,153.1073520614388,-28.040108216730257,66.26302665430808,5
330,NIL,NA,NA,NA,NA,NA,153.20120030805555,-27.800863934133936,27.7094209497527,45
331,NIL,NA,NA,NA,NA,NA,153.191337837658,-27.591430320480764,84.89895944647994,11
332,NIL,NA,NA,NA,NA,NA,153.0597829262358,-27.90378232084161,11.370233430850362,21
333,NIL,NA,NA,NA,NA,NA,138.64341083933743,-34.37144939491628,11.781268249180194,10
334,NIL,NA,NA,NA,NA,NA,138.63301147834426,-34.20199643878473,6.053440528433923,10
335,NIL,NA,NA,NA,NA,NA,138.4874946489544,-34.521309956558895,0.922077722505706,10
336,NIL,NA,NA,NA,NA,NA,138.72333419777726,-34.89241679169967,2.220045291984541,10
337,NIL,NA,NA,NA,NA,NA,138.7358978912876,-34.314640667677445,4.670116167925781,10
338,NIL,NA,NA,NA,NA,NA,138.95275458950655,-34.877942043563635,46.05015016226654,10
339,NIL,NA,NA,NA,NA,NA,138.70742900673338,-34.578084035187345,2.1226875827076426,10
340,NIL,NA,NA,NA,NA,NA,138.5666659720012,-34.296495962619716,8.11623268342841,10
341,NIL,NA,NA,NA,NA,NA,138.94907912243457,-34.76264798757154,9.739963573494453,10
342,NIL,NA,NA,NA,NA,NA,138.4695041251928,-34.32240946429374,6.415397143408668,10
343,NIL,NA,NA,NA,NA,NA,138.66753623700464,-34.18229200916183,42.78023545582307,10
344,NIL,NA,NA,NA,NA,NA,138.63822514774103,-34.59427872926585,1.7784794008036937,10
345,NIL,NA,NA,NA,NA,NA,138.78103654852504,-34.67087156395612,4.4084532114975525,10
346,NIL,NA,NA,NA,NA,NA,138.77471826500283,-34.81335007107482,13.61737168651126,10
347,NIL,NA,NA,NA,NA,NA,138.7949419800102,-34.31191618619467,10.09461482377655,10
348,NIL,NA,NA,NA,NA,NA,138.44355283049265,-34.421054621989505,1.6318264215759515,10
349,NIL,NA,NA,NA,NA,NA,138.2775666973214,-34.37824126570669,5.84769817672165,10
350,NIL,NA,NA,NA,NA,NA,153.54521038764295,-28.271953713768916,5.122060733991615,71
351,NIL,NA,NA,NA,NA,NA,153.24587915642908,-28.393454053710187,37.977535694808346,48
352,NIL,NA,NA,NA,NA,NA,153.20863379090082,-28.611572791407355,75.14377561371447,6
353,NIL,NA,NA,NA,NA,NA,153.54970522945501,-28.31326901979704,38.84032276515991,5
354,NIL,NA,NA,NA,NA,NA,153.47408602767695,-28.46556360263628,8.472685363808743,40
355,NIL,NA,NA,NA,NA,NA,153.55618947243138,-28.367316948086945,12.736445280187546,151
356,NIL,NA,NA,NA,NA,NA,153.53530769202047,-28.57640492114149,64.47882653046132,83
357,NIL,NA,NA,NA,NA,NA,153.27178078414298,-28.593551667943537,63.23633759392828,11
358,NIL,NA,NA,NA,NA,NA,153.52434249494354,-28.789681070478437,28.839776213447735,181
359,NIL,NA,NA,NA,NA,NA,153.4807036377965,-28.984285992144287,25.747078054937393,63
360,NIL,NA,NA,NA,NA,NA,153.36013100745265,-28.31413427710821,187.17409250664542,71
361,NIL,NA,NA,NA,NA,NA,153.49864887407762,-28.223992391564877,15.245343160205044,67
362,NIL,NA,NA,NA,NA,NA,153.5083707074323,-28.916223410747268,2.674600991893437,85
363,NIL,NA,NA,NA,NA,NA,153.26572425946517,-28.884819674694207,35.991915982526166,131
364,NIL,NA,NA,NA,NA,NA,153.28216141209137,-28.881494614034384,85.63313225358193,11
365,NIL,NA,NA,NA,NA,NA,153.41372197485617,-28.44597755882258,137.80939307978883,12
366,NIL,NA,NA,NA,NA,NA,153.21368851637197,-28.87841367080189,32.40174510318311,288
367,NIL,NA,NA,NA,NA,NA,145.15556510014903,-17.213460671320448,20.031687619035495,100
368,NIL,NA,NA,NA,NA,NA,152.79137592719027,-27.490616279059434,2.303475277058577,359
369,NIL,NA,NA,NA,NA,NA,153.22723991611025,-27.5336698688213,44.34128822883965,688
370,NIL,NA,NA,NA,NA,NA,151.20407193684167,-28.069276605938803,3.5639427102229706,1076
371,NIL,NA,NA,NA,NA,NA,150.99198846386838,-30.761273821346297,26.649904866810697,1202
372,NIL,NA,NA,NA,NA,NA,151.41611282632928,-33.17764522443012,2.8259627117654875,525
373,NIL,NA,NA,NA,NA,NA,150.7700275477605,-33.305419389455636,5.973352444480442,388
374,NIL,NA,NA,NA,NA,NA,150.81259233752527,-33.576761245488,5.55501833152266,568
375,NIL,NA,NA,NA,NA,NA,146.43001178442222,-34.18721317002128,2.8501678335830385,1038
376,NIL,NA,NA,NA,NA,NA,153.00137965166755,-28.134573715330426,475.283365840776,500
377,NIL,NA,NA,NA,NA,NA,153.24818505988333,-28.00554552222783,166.56888952273687,440
378,NIL,NA,NA,NA,NA,NA,153.2733889335589,-28.11208008858534,595.3397228663348,1255
379,NIL,NA,NA,NA,NA,NA,153.49032135163205,-28.6654691740192,48.56334195642747,1130
380,NIL,NA,NA,NA,NA,NA,152.9258380924293,-28.569996963639472,115.86902430841981,263
381,NIL,NA,NA,NA,NA,NA,153.003864414185,-28.193451214743504,633.7738622163799,440
382,NIL,NA,NA,NA,NA,NA,153.0938988738663,-28.151532972913976,184.0468260969678,504
383,NIL,NA,NA,NA,NA,NA,153.3298829335315,-28.092428233306265,83.86218260801061,483
384,NIL,NA,NA,NA,NA,NA,153.49503240242103,-28.260528782285434,140.11666513101352,819
385,NIL,NA,NA,NA,NA,NA,153.38018650348727,-28.262437585990057,186.5439988573905,614
386,NIL,NA,NA,NA,NA,NA,153.066425294778,-28.858523844456894,255.994177830071,953
387,NIL,NA,NA,NA,NA,NA,153.44708233351807,-28.833047484878676,109.63226941319061,600
388,NIL,NA,NA,NA,NA,NA,153.28614947680404,-29.198127461626918,121.13570309362649,880
389,NIL,NA,NA,NA,NA,NA,152.82688617709385,-28.98575086706135,149.44992474568178,830
390,NIL,NA,NA,NA,NA,NA,153.01420710341526,-28.96103805290344,239.99227447958324,1154
391,NIL,NA,NA,NA,NA,NA,152.93194272517525,-28.525864924327216,104.39284367062004,942
392,NIL,NA,NA,NA,NA,NA,153.35205438764115,-29.11220170148426,181.39783940925113,657
393,NIL,NA,NA,NA,NA,NA,153.4032031680768,-29.054944198934137,71.66778854344265,640
394,NIL,NA,NA,NA,NA,NA,152.93259202833107,-28.593393477417177,189.35382925707611,569
395,NIL,NA,NA,NA,NA,NA,153.22059153760466,-28.42156779595838,255.27454605606223,894
396,NIL,NA,NA,NA,NA,NA,152.88441778970534,-28.47539682716739,76.53523391178791,632
397,NIL,NA,NA,NA,NA,NA,152.73763224016471,-28.715143134684133,95.41650884410146,1046
398,NIL,NA,NA,NA,NA,NA,152.8432182646735,-28.944785168297887,65.3460069432743,1069
399,NIL,NA,NA,NA,NA,NA,153.033572720532,-28.59697894770278,111.68718087699158,276
400,NIL,NA,NA,NA,NA,NA,153.45000916489244,-28.448866518339223,355.8569475652006,762
401,NIL,NA,NA,NA,NA,NA,153.40757603662513,-28.482068785529286,655.6014452513966,510
402,NIL,NA,NA,NA,NA,NA,153.32661396221417,-28.943233610925923,366.11197929021,423
403,NIL,NA,NA,NA,NA,NA,152.64023561588237,-28.60842767055415,306.5177115264163,442
404,NIL,NA,NA,NA,NA,NA,153.1108929926371,-28.546686741614884,440.18880105827395,1025
405,NIL,NA,NA,NA,NA,NA,152.85288070268751,-28.54402980696051,299.78381297745057,674
406,NIL,NA,NA,NA,NA,NA,152.8527841421288,-28.964994590579145,249.93391806302608,410
407,NIL,NA,NA,NA,NA,NA,153.28662238705084,-29.30735736614912,81.83167525288624,446
408,NIL,NA,NA,NA,NA,NA,152.70840547894142,-29.017974952332363,534.0194708424773,913
409,NIL,NA,NA,NA,NA,NA,152.95323475302018,-28.88771355090188,204.99670659172855,318
410,NIL,NA,NA,NA,NA,NA,153.14064135720966,-28.830573288323087,212.1133483181026,1356
411,NIL,NA,NA,NA,NA,NA,153.04866610716527,-28.766371723649673,246.30845751903811,917
412,NIL,NA,NA,NA,NA,NA,152.8261459652933,-29.073727351626452,169.07313638312596,424
413,NIL,NA,NA,NA,NA,NA,153.02705639131187,-28.969785968482604,522.1574028925387,1050
414,NIL,NA,NA,NA,NA,NA,152.67126318184873,-29.09752112919154,48.53600515914353,633
415,NIL,NA,NA,NA,NA,NA,153.25500314355506,-29.420859559185516,231.96340033136417,492
416,NIL,NA,NA,NA,NA,NA,152.74003271923874,-30.049928517720073,273.54103251589515,775
417,NIL,NA,NA,NA,NA,NA,153.17154703570696,-29.974964443320108,266.05928290798124,897
418,NIL,NA,NA,NA,NA,NA,152.52453273380445,-29.577135765424174,143.67392747924498,640
419,NIL,NA,NA,NA,NA,NA,153.21473932184864,-29.92574239880682,87.90297145289433,448
420,NIL,NA,NA,NA,NA,NA,152.5963981447697,-29.914708298737487,316.67735188291545,661
421,NIL,NA,NA,NA,NA,NA,152.75401828275005,-30.079506693443975,340.6045211740612,721
422,NIL,NA,NA,NA,NA,NA,153.10253222579752,-29.93543048321149,59.69949183140347,762
423,NIL,NA,NA,NA,NA,NA,152.84489138842207,-29.805175407353964,82.1739589397152,1146
424,NIL,NA,NA,NA,NA,NA,152.98718849448983,-29.558694565463586,59.557810034079075,169
425,NIL,NA,NA,NA,NA,NA,153.0467055090492,-29.7634510372241,238.29487784311524,733
426,NIL,NA,NA,NA,NA,NA,153.18239826002258,-30.163557519329448,26.298103132384465,1023
427,NIL,NA,NA,NA,NA,NA,152.8411112982174,-30.34125221470903,163.8173229218731,528
428,NIL,NA,NA,NA,NA,NA,153.07524924406522,-29.94800783205853,87.70256592492015,272
429,NIL,NA,NA,NA,NA,NA,152.71674749306902,-30.12943373089187,153.88987246426814,701
430,NIL,NA,NA,NA,NA,NA,152.77321327095632,-30.396612760893902,424.8289710538932,415
431,NIL,NA,NA,NA,NA,NA,152.9079620445495,-30.3757804828975,272.7289772514826,691
432,NIL,NA,NA,NA,NA,NA,153.16459872610807,-29.871019999648006,60.99888373322841,671
433,NIL,NA,NA,NA,NA,NA,153.03363210212945,-30.037521891670263,203.59733038040497,568
434,NIL,NA,NA,NA,NA,NA,152.64914010178506,-30.308304522983455,130.7448026797586,511
435,NIL,NA,NA,NA,NA,NA,152.59029893768718,-30.25391122771581,120.65968202223206,377
436,NIL,NA,NA,NA,NA,NA,152.91969953352108,-30.250752923880846,289.56889168013214,1314
437,NIL,NA,NA,NA,NA,NA,152.95595257615497,-30.41553774168741,104.09153560080799,410
438,NIL,NA,NA,NA,NA,NA,152.75691446536274,-30.374943374360438,219.9066717102799,820
439,NIL,NA,NA,NA,NA,NA,152.8390314117595,-30.329924672012858,103.2710313883186,253
440,NIL,NA,NA,NA,NA,NA,152.79161615876606,-30.166335284467237,193.73164291848767,1320
441,NIL,NA,NA,NA,NA,NA,153.02120695508717,-30.417062578863515,53.33288337047067,458
442,NIL,NA,NA,NA,NA,NA,152.82298890091405,-30.824067539153063,303.8665811147722,488
443,NIL,NA,NA,NA,NA,NA,152.8504293268024,-30.040996194580735,138.3069944633598,263
444,NIL,NA,NA,NA,NA,NA,152.9110727605193,-30.04466077629556,72.86297753279432,772
445,NIL,NA,NA,NA,NA,NA,152.99240935584277,-30.585344854071884,63.96343097991955,616
446,NIL,NA,NA,NA,NA,NA,152.79251765387218,-31.082593028549752,19.572321064065772,604
447,NIL,NA,NA,NA,NA,NA,152.6852536780026,-30.702332953437857,1112.1115681820759,2069
448,NIL,NA,NA,NA,NA,NA,152.85902536943883,-30.841147790430405,297.05614536118514,1656
449,NIL,NA,NA,NA,NA,NA,152.51644599626766,-30.764917967778295,279.1066176135392,971
450,NIL,NA,NA,NA,NA,NA,152.7557435724524,-31.07192372874595,32.51000750659947,530
451,NIL,NA,NA,NA,NA,NA,152.82209342167442,-30.96378878520261,143.9478328407155,571
452,NIL,NA,NA,NA,NA,NA,152.58040652314196,-30.398885626054607,844.0333820532599,783
453,NIL,NA,NA,NA,NA,NA,152.7965859444039,-30.593803919573652,171.23739533532208,604
454,NIL,NA,NA,NA,NA,NA,152.98308899016828,-30.567372843969522,377.9190777968921,668
455,NIL,NA,NA,NA,NA,NA,152.42296740068826,-30.987777350457456,423.8288380075252,434
456,NIL,NA,NA,NA,NA,NA,152.6713029061389,-31.220138760527988,306.02550895705605,408
457,NIL,NA,NA,NA,NA,NA,152.57485266418314,-31.439671473084857,533.6508608834516,952
458,NIL,NA,NA,NA,NA,NA,152.63532935565547,-31.237023271494515,187.8697546057242,476
459,NIL,NA,NA,NA,NA,NA,152.81218494459716,-31.043770128153184,162.95318533009146,708
460,NIL,NA,NA,NA,NA,NA,152.8825758664317,-31.31991006852825,59.298049051580904,1762
461,NIL,NA,NA,NA,NA,NA,152.82936120856436,-31.079907231222812,191.33022393352215,591
462,NIL,NA,NA,NA,NA,NA,152.42057492351807,-30.912918687383783,394.12367077934476,925
463,NIL,NA,NA,NA,NA,NA,152.51068181787454,-31.24431127835225,183.994126554899,1926
464,NIL,NA,NA,NA,NA,NA,152.36684218577741,-31.173685218203225,493.2014086828298,919
465,NIL,NA,NA,NA,NA,NA,152.45874211173955,-30.91311550123083,89.33733149691241,1248
466,NIL,NA,NA,NA,NA,NA,152.12186321787522,-31.627601932143296,553.9786545584737,394
467,NIL,NA,NA,NA,NA,NA,152.30503432020214,-31.41920889783779,98.12005586541108,610
468,NIL,NA,NA,NA,NA,NA,152.7022470421943,-31.073356906376773,223.68307667436588,1089
469,NIL,NA,NA,NA,NA,NA,152.20346037644032,-31.54785648173339,271.0433734314788,400
470,NIL,NA,NA,NA,NA,NA,152.4475537911365,-31.711541559692673,138.61174574206478,345
471,NIL,NA,NA,NA,NA,NA,152.73510677248308,-31.55359359723485,348.96236756273885,1049
472,NIL,NA,NA,NA,NA,NA,152.26974150854966,-31.79650156089859,341.11233203562824,771
473,NIL,NA,NA,NA,NA,NA,152.50504133959998,-31.840844998607462,210.36175157797015,844
474,NIL,NA,NA,NA,NA,NA,152.39484762945628,-31.811568914450806,176.07223924622872,410
475,NIL,NA,NA,NA,NA,NA,152.57269760318454,-31.68535532082547,212.71692122092756,1233
476,NIL,NA,NA,NA,NA,NA,151.64609444637534,-32.26012461826904,90.505394837167,398
477,NIL,NA,NA,NA,NA,NA,151.9384301776587,-31.662196806056016,291.9360111363979,531
478,NIL,NA,NA,NA,NA,NA,152.28889282759098,-32.24090997485163,36.64774702640937,1010
479,NIL,NA,NA,NA,NA,NA,151.69738777823488,-32.21258751055048,306.32494049114547,864
480,NIL,NA,NA,NA,NA,NA,152.11129700605818,-31.674638864795867,589.9870146838913,585
481,NIL,NA,NA,NA,NA,NA,152.48033698126224,-32.28218010565713,51.907739307541455,1185
482,NIL,NA,NA,NA,NA,NA,152.02444759224778,-32.327466212836384,61.25665034374525,1141
483,NIL,NA,NA,NA,NA,NA,152.47998724317614,-31.960396636191774,72.22349879243673,476
484,NIL,NA,NA,NA,NA,NA,152.5061318108621,-32.08333047584897,90.68416446238712,857
485,NIL,NA,NA,NA,NA,NA,152.07220312333465,-32.49712692055981,109.61138951302686,215
486,NIL,NA,NA,NA,NA,NA,152.01180099943304,-32.17948239755853,287.4240943899664,282
487,NIL,NA,NA,NA,NA,NA,151.86042446146524,-32.65615875702181,43.68863931268936,328
488,NIL,NA,NA,NA,NA,NA,151.84626602762535,-32.175489428443996,88.53405966691864,580
489,NIL,NA,NA,NA,NA,NA,151.92642688735512,-32.50725077309933,174.17460260586995,664
490,NIL,NA,NA,NA,NA,NA,151.78136492409772,-32.22190816252453,679.2772207873124,804
491,NIL,NA,NA,NA,NA,NA,151.8513188824365,-32.09645387495451,225.52552280389054,394
492,NIL,NA,NA,NA,NA,NA,151.2717895765689,-32.44841755143276,128.5898009921703,799
493,NIL,NA,NA,NA,NA,NA,151.62841545382963,-32.35747144611827,200.8523881614783,707
494,NIL,NA,NA,NA,NA,NA,151.8054030108887,-32.200058432315714,238.00102062079577,847
495,NIL,NA,NA,NA,NA,NA,151.81044688430416,-32.069459295207594,105.42696882705067,1410
496,NIL,NA,NA,NA,NA,NA,152.2945471373508,-32.5221042363187,244.99633013802517,1116
497,NIL,NA,NA,NA,NA,NA,152.2637244986512,-32.38855229117087,105.8705720408432,512
498,NIL,NA,NA,NA,NA,NA,152.37181749993005,-32.41925277732493,42.162642785990485,892
499,NIL,NA,NA,NA,NA,NA,152.35123773244442,-32.418281324839114,136.92977499004266,554
500,NIL,NA,NA,NA,NA,NA,151.7163656671995,-32.369156207833456,639.5408559413944,627
501,NIL,NA,NA,NA,NA,NA,152.1992040852242,-32.45894176488394,56.32911872008483,652
502,NIL,NA,NA,NA,NA,NA,152.26392425993586,-32.41362502151364,109.99484546936502,211
503,NIL,NA,NA,NA,NA,NA,152.09780972184421,-32.534748322999135,45.85598667567284,696
504,NIL,NA,NA,NA,NA,NA,151.873160905379,-32.293827876411086,148.2316537971085,508
505,NIL,NA,NA,NA,NA,NA,152.2289977380355,-32.38676592383912,202.9453926715902,567
506,NIL,NA,NA,NA,NA,NA,150.94200449143307,-31.257708091864657,203.71710848472313,592
507,NIL,NA,NA,NA,NA,NA,151.32491469960976,-31.206820041965926,58.75501312529209,956
508,NIL,NA,NA,NA,NA,NA,151.05728987241014,-31.146390859367028,333.30128240139146,1105
509,NIL,NA,NA,NA,NA,NA,150.80365993207147,-30.891284503090667,489.99696327591175,1473
510,NIL,NA,NA,NA,NA,NA,151.2032647566689,-31.26854959185132,296.94380572015837,503
511,NIL,NA,NA,NA,NA,NA,150.54761604160126,-30.92282198033977,289.5810838222193,628
512,NIL,NA,NA,NA,NA,NA,150.73020298635123,-30.69273433386287,85.77161121041703,465
513,NIL,NA,NA,NA,NA,NA,150.98610638315074,-31.360128931039768,404.2203633405147,873
514,NIL,NA,NA,NA,NA,NA,150.84248181208335,-30.72143633949542,335.5480169451813,669
515,NIL,NA,NA,NA,NA,NA,151.40231236892282,-31.038476807776952,528.4048765535065,768
516,NIL,NA,NA,NA,NA,NA,151.12703790435944,-31.06939132800553,886.098778312245,1437
517,NIL,NA,NA,NA,NA,NA,151.122961274173,-30.922845852905148,269.52203903564055,841
518,NIL,NA,NA,NA,NA,NA,151.7761512135019,-30.661151264492595,54.236645812637164,610
519,NIL,NA,NA,NA,NA,NA,152.1065876927941,-30.925353073619306,105.57806085048377,474
520,NIL,NA,NA,NA,NA,NA,151.58937026752545,-31.220718253764794,974.1939455831405,585
521,NIL,NA,NA,NA,NA,NA,151.66617720659872,-31.267146622426743,174.7899023042775,588
522,NIL,NA,NA,NA,NA,NA,151.33174634674742,-31.047359740112213,253.385082188145,1206
523,NIL,NA,NA,NA,NA,NA,152.01784921197446,-30.797449799487993,43.96011742074371,819
524,NIL,NA,NA,NA,NA,NA,151.7874476432322,-30.906879783102468,296.2913444696351,504
525,NIL,NA,NA,NA,NA,NA,151.9843301450586,-30.707163940377995,100.43295678279479,565
526,NIL,NA,NA,NA,NA,NA,150.3015923191648,-32.023879076830625,99.56866557919642,782
527,NIL,NA,NA,NA,NA,NA,150.36894913229008,-31.773154117210666,719.8407160568995,400
528,NIL,NA,NA,NA,NA,NA,151.14230336088553,-31.784481888553042,188.3948361098376,460
529,NIL,NA,NA,NA,NA,NA,150.53189395347917,-32.18250850860467,73.15839382363285,512
530,NIL,NA,NA,NA,NA,NA,150.60520431905337,-31.755366048738125,115.59477247418748,586
531,NIL,NA,NA,NA,NA,NA,150.4867517343979,-31.84404934232767,308.5488791366679,951
532,NIL,NA,NA,NA,NA,NA,150.6170350724449,-31.746774139512013,289.57405945654216,1016
533,NIL,NA,NA,NA,NA,NA,151.14548015589287,-31.945856094019533,142.72993571913253,636
534,NIL,NA,NA,NA,NA,NA,150.74253250917377,-32.384004287458644,119.59980059076042,328
535,NIL,NA,NA,NA,NA,NA,151.07150823311883,-31.777110095843554,271.1298894527405,480
536,NIL,NA,NA,NA,NA,NA,150.57207159340982,-32.15500841791945,210.5953805761571,648
537,NIL,NA,NA,NA,NA,NA,151.1135582315714,-32.057198193067094,301.3963248573977,211
538,NIL,NA,NA,NA,NA,NA,151.26423765586554,-32.18348344106879,228.99705033604917,916
539,NIL,NA,NA,NA,NA,NA,150.4658083005134,-32.411351572477116,116.36213475170807,1036
540,NIL,NA,NA,NA,NA,NA,150.8851067794542,-32.16623463435484,739.2606354010147,746
541,NIL,NA,NA,NA,NA,NA,150.82839847824073,-32.07971729427359,172.07585244292596,263
542,NIL,NA,NA,NA,NA,NA,151.24469697742393,-32.418479577050576,315.32785503413066,564
543,NIL,NA,NA,NA,NA,NA,151.39345335495474,-32.24111920816753,233.0960411874836,829
544,NIL,NA,NA,NA,NA,NA,150.65506431249585,-32.592992825262264,527.4002763916094,492
545,NIL,NA,NA,NA,NA,NA,150.59080469180978,-32.14023015686618,66.858623043124,863
546,NIL,NA,NA,NA,NA,NA,151.04317143116822,-32.89670113659896,123.00808340640819,1154
547,NIL,NA,NA,NA,NA,NA,150.78327743923708,-32.30035829244048,217.65204074208333,717
548,NIL,NA,NA,NA,NA,NA,151.3540299129104,-32.25496862927813,800.8039484859364,487
549,NIL,NA,NA,NA,NA,NA,150.81860573680984,-32.31588474979267,58.16278647247068,1479
550,NIL,NA,NA,NA,NA,NA,151.62018707462397,-32.39575416805259,402.671631356659,899
551,NIL,NA,NA,NA,NA,NA,151.44427017796176,-32.35386330121304,306.82757029911977,1161
552,NIL,NA,NA,NA,NA,NA,151.32415720986035,-32.78039781380801,79.12663161730512,928
553,NIL,NA,NA,NA,NA,NA,151.63595968406702,-32.59639001490466,176.58920998833116,767
554,NIL,NA,NA,NA,NA,NA,150.72419656317953,-32.365140026941035,140.43205686396195,1054
555,NIL,NA,NA,NA,NA,NA,150.97999872782498,-32.312959259834166,701.1620063671835,676
556,NIL,NA,NA,NA,NA,NA,151.76510188082426,-32.79878455800521,401.983976641344,725
557,NIL,NA,NA,NA,NA,NA,151.94012218680564,-32.70837905492142,212.58868160311079,410
558,NIL,NA,NA,NA,NA,NA,151.15528896871086,-32.80499254971437,161.50760138652552,634
559,NIL,NA,NA,NA,NA,NA,151.97914761791333,-32.50966078862689,318.80197541060954,834
560,NIL,NA,NA,NA,NA,NA,151.2568080415606,-32.947741112847794,118.67089918558911,772
561,NIL,NA,NA,NA,NA,NA,151.5574688235177,-32.78883805309741,331.10465355304086,645
562,NIL,NA,NA,NA,NA,NA,151.71524263963443,-32.471604662107566,150.44060032278801,590
563,NIL,NA,NA,NA,NA,NA,151.52899699767713,-32.561154758294975,214.93001179903513,316
564,NIL,NA,NA,NA,NA,NA,151.6022270773403,-32.38099506186772,62.987990658382344,433
565,NIL,NA,NA,NA,NA,NA,151.2795753281944,-32.667997154082855,718.7491238776149,381
566,NIL,NA,NA,NA,NA,NA,147.26870940074963,-42.94629876230069,395.31922548094917,1000
567,NIL,NA,NA,NA,NA,NA,147.12754303952727,-42.69914789788496,208.75828737513575,1000
568,NIL,NA,NA,NA,NA,NA,147.14792729711795,-42.6254725024031,150.3464357725754,1000
569,NIL,NA,NA,NA,NA,NA,147.2178456800366,-43.05811935763653,522.398245151499,1000
570,NIL,NA,NA,NA,NA,NA,146.91501673165448,-42.47748588135776,101.26793627913376,1000
571,NIL,NA,NA,NA,NA,NA,147.15339593540858,-42.46672377968079,87.84990224193113,1000
572,NIL,NA,NA,NA,NA,NA,147.42774390376937,-42.56347440302191,122.81420304330716,1000
573,NIL,NA,NA,NA,NA,NA,146.70913475426386,-42.52655543990534,172.46106334841994,1000
574,NIL,NA,NA,NA,NA,NA,147.35187633532848,-43.15673376667468,49.26905197493697,1000
575,NIL,NA,NA,NA,NA,NA,146.48562944653747,-42.75554362350319,852.1578589680366,1000
576,NIL,NA,NA,NA,NA,NA,147.77309132502268,-33.598002098444084,733.4049445834795,401
577,NIL,NA,NA,NA,NA,NA,148.0421670475833,-33.60451365878784,211.62013608918073,652
578,NIL,NA,NA,NA,NA,NA,147.7754889175917,-33.45891979552873,267.74003806453993,394
579,NIL,NA,NA,NA,NA,NA,147.635246284502,-33.18948480197912,1301.1189851406436,1327
580,NIL,NA,NA,NA,NA,NA,148.29479129378447,-33.084146531914655,129.1209570407181,870
581,NIL,NA,NA,NA,NA,NA,148.4183912261917,-33.52863613149502,290.62720919136643,1235
582,NIL,NA,NA,NA,NA,NA,148.0196958322575,-33.770306996570845,139.338900590993,707
583,NIL,NA,NA,NA,NA,NA,148.09241500620152,-33.01329021225285,32.99276915911169,1287
584,NIL,NA,NA,NA,NA,NA,148.1137541523659,-33.56647933500415,75.33277011903172,410
585,NIL,NA,NA,NA,NA,NA,147.84380562222577,-33.207915798693556,142.20280567736066,888
586,NIL,NA,NA,NA,NA,NA,149.0184153096738,-32.0481232538575,628.0418676576863,328
587,NIL,NA,NA,NA,NA,NA,148.80351621588392,-32.33133878134524,188.9203929438001,807
588,NIL,NA,NA,NA,NA,NA,148.35083642891635,-32.146770333391046,55.546527927967766,533
589,NIL,NA,NA,NA,NA,NA,148.2428039548964,-31.99153217254625,235.6285983753196,895
590,NIL,NA,NA,NA,NA,NA,148.460958041371,-32.26349405066786,293.14737581462055,752
591,NIL,NA,NA,NA,NA,NA,148.7694581819771,-32.46163480732825,210.68285925086957,1561
592,NIL,NA,NA,NA,NA,NA,148.40457364692298,-32.584339106541634,47.773218874704256,1037
593,NIL,NA,NA,NA,NA,NA,148.99537330427512,-32.3755593380052,335.7583072993515,833
594,NIL,NA,NA,NA,NA,NA,148.75991706465484,-31.855520164897637,607.1476887353917,294
595,NIL,NA,NA,NA,NA,NA,148.54742526938185,-32.00126779997914,172.31263291332235,840
596,NIL,NA,NA,NA,NA,NA,148.38812306902088,-33.13480285508375,338.85891431926603,734
597,NIL,NA,NA,NA,NA,NA,149.21322899403418,-33.021622673786574,41.99211579749291,743
598,NIL,NA,NA,NA,NA,NA,149.30341034329322,-33.03580222982934,348.40010222028445,875
599,NIL,NA,NA,NA,NA,NA,148.43516425237408,-32.976717521080374,363.21243614961514,431
600,NIL,NA,NA,NA,NA,NA,149.25810804856263,-33.031846500722374,90.4166888175309,512
601,NIL,NA,NA,NA,NA,NA,148.87681159667198,-32.95391349282262,105.48045147067462,449
602,NIL,NA,NA,NA,NA,NA,148.84979666718755,-33.46900244480379,32.22087476890907,767
603,NIL,NA,NA,NA,NA,NA,148.66402340134948,-32.784957474898874,103.88643097591076,369
604,NIL,NA,NA,NA,NA,NA,149.2031132207349,-32.96083633958044,60.952981134241824,997
605,NIL,NA,NA,NA,NA,NA,148.97028382832974,-33.2722612429162,112.2963248170997,412
606,NIL,NA,NA,NA,NA,NA,149.09810212085267,-33.74689143889876,865.6549189924556,476
607,NIL,NA,NA,NA,NA,NA,149.07403355137697,-34.115633299539795,142.6000278768802,821
608,NIL,NA,NA,NA,NA,NA,148.48735977974684,-33.864645996318046,470.98236896703236,543
609,NIL,NA,NA,NA,NA,NA,148.5704353827113,-33.51784621395798,192.13648656710944,786
610,NIL,NA,NA,NA,NA,NA,148.92094534882204,-33.46549644243342,346.9617966354824,865
611,NIL,NA,NA,NA,NA,NA,148.86979847355622,-33.88082262140183,131.8561600088713,1192
612,NIL,NA,NA,NA,NA,NA,148.93746794174885,-33.80733007209044,354.00225430803573,710
613,NIL,NA,NA,NA,NA,NA,148.95825874893944,-34.11393993214891,317.27679574237357,991
614,NIL,NA,NA,NA,NA,NA,148.51765632302056,-34.25059782093647,220.9621161203727,809
615,NIL,NA,NA,NA,NA,NA,148.85865686039458,-33.43161349524867,193.96042902036848,741
616,NIL,NA,NA,NA,NA,NA,149.6096936877831,-33.32093707123683,210.30317458637026,1219
617,NIL,NA,NA,NA,NA,NA,149.25455117280472,-33.196102174518046,110.56979955540437,1005
618,NIL,NA,NA,NA,NA,NA,149.54636149926137,-33.393905023624185,100.17201226986128,595
619,NIL,NA,NA,NA,NA,NA,149.64421234979704,-33.57794735351015,472.52597575333607,934
620,NIL,NA,NA,NA,NA,NA,148.96734461217886,-33.6067615295527,100.55226152218738,872
621,NIL,NA,NA,NA,NA,NA,149.6618664567544,-33.68398131584698,400.0720763310822,1209
622,NIL,NA,NA,NA,NA,NA,149.00235787902807,-33.54174766052273,817.0354077539666,1220
623,NIL,NA,NA,NA,NA,NA,149.04758626170775,-33.157347957201424,71.81507116830984,1100
624,NIL,NA,NA,NA,NA,NA,149.15895776289778,-33.29551047423922,341.62141960343666,1598
625,NIL,NA,NA,NA,NA,NA,148.93035649352714,-33.69938253832126,414.4765569759559,858
626,NIL,NA,NA,NA,NA,NA,149.89437090245264,-33.718594211250846,52.203122255875925,1236
627,NIL,NA,NA,NA,NA,NA,149.3515914987476,-33.55735985149158,127.8423021267013,313
628,NIL,NA,NA,NA,NA,NA,149.76811709700013,-33.25029561508397,360.2463953454485,535
629,NIL,NA,NA,NA,NA,NA,149.92240358827178,-33.55207257898992,153.15092997284376,440
630,NIL,NA,NA,NA,NA,NA,149.67874375035348,-33.50966070064763,261.4513850682494,792
631,NIL,NA,NA,NA,NA,NA,149.20627084602677,-33.683368650752286,286.4506617589703,635
632,NIL,NA,NA,NA,NA,NA,149.73304636620446,-33.737012767124334,50.82027902509085,392
633,NIL,NA,NA,NA,NA,NA,149.97888193590094,-33.42153536624769,171.21343575080402,1149
634,NIL,NA,NA,NA,NA,NA,149.84269097695025,-33.77239312089618,609.9288876962212,756
635,NIL,NA,NA,NA,NA,NA,149.706301937104,-33.68808958198841,496.8310365216897,563
636,NIL,NA,NA,NA,NA,NA,151.00552855591837,-33.97038842289956,120.66420204580987,728
637,NIL,NA,NA,NA,NA,NA,151.06375110737096,-33.845891822834005,79.24139604125908,595
638,NIL,NA,NA,NA,NA,NA,150.7122725449011,-34.0153628995856,177.2942110654937,688
639,NIL,NA,NA,NA,NA,NA,150.53290707881627,-33.761538181463976,90.25166425370952,998
640,NIL,NA,NA,NA,NA,NA,150.6225330347147,-33.693672051148766,101.50509102000659,556
641,NIL,NA,NA,NA,NA,NA,150.9226968871879,-34.07473316582694,265.2243079455215,683
642,NIL,NA,NA,NA,NA,NA,151.06814701229447,-33.91975200537508,114.55743379101071,415
643,NIL,NA,NA,NA,NA,NA,150.99032507948215,-33.79860620633204,433.3894482686286,496
644,NIL,NA,NA,NA,NA,NA,150.69002033736803,-33.71037928064937,81.85189894283162,1045
645,NIL,NA,NA,NA,NA,NA,150.65108553892827,-33.62193515422286,403.4595444995067,476
646,NIL,NA,NA,NA,NA,NA,150.5019099044765,-34.130712395980545,164.66947929277387,357
647,NIL,NA,NA,NA,NA,NA,150.6257560793813,-34.32198908141674,915.1768794720801,933
648,NIL,NA,NA,NA,NA,NA,151.16496817014672,-33.922672988911074,98.04769899290775,1093
649,NIL,NA,NA,NA,NA,NA,150.41519220839763,-34.09663911821187,501.2688465251334,517
650,NIL,NA,NA,NA,NA,NA,150.7039650580237,-33.874806788716306,471.5548189283876,772
651,NIL,NA,NA,NA,NA,NA,151.0805191188308,-34.12889645425669,293.29522598401735,640
652,NIL,NA,NA,NA,NA,NA,150.77682920184424,-34.060295126900314,228.81116213831243,421
653,NIL,NA,NA,NA,NA,NA,150.8144089109532,-33.97048280169323,90.24362620324426,1283
654,NIL,NA,NA,NA,NA,NA,150.75113951185327,-34.25730726905671,68.29952360714333,512
655,NIL,NA,NA,NA,NA,NA,150.82835590469415,-34.40207233298464,73.64595446845519,669
656,NIL,NA,NA,NA,NA,NA,150.86336441090307,-34.3025962904762,165.56453518193396,768
657,NIL,NA,NA,NA,NA,NA,150.21174262097088,-33.81012221312958,134.61077425999068,1063
658,NIL,NA,NA,NA,NA,NA,150.54814691191848,-34.05883994980472,432.8537348062233,471
659,NIL,NA,NA,NA,NA,NA,150.00436077711117,-33.991745722014706,120.71252393282919,381
660,NIL,NA,NA,NA,NA,NA,150.77111600697765,-34.21611158071667,119.71284606156401,574
661,NIL,NA,NA,NA,NA,NA,150.39999702349053,-34.49436396980413,394.94512339672195,876
662,NIL,NA,NA,NA,NA,NA,150.7289090814155,-34.222768357039755,259.91063731271265,512
663,NIL,NA,NA,NA,NA,NA,150.47404058464952,-34.36689320044992,73.64954868205746,387
664,NIL,NA,NA,NA,NA,NA,150.61367734714696,-33.87321676473053,29.703965251363222,1334
665,NIL,NA,NA,NA,NA,NA,150.66998382465223,-34.22804592321933,148.250254595181,442
666,NIL,NA,NA,NA,NA,NA,150.2627273742791,-34.16575786613399,396.95570843260924,277
667,NIL,NA,NA,NA,NA,NA,150.06564448006952,-34.166541686651954,241.60072171410863,640
668,NIL,NA,NA,NA,NA,NA,150.4720389255162,-34.44873348209501,401.785657457283,707
669,NIL,NA,NA,NA,NA,NA,150.29079913620382,-34.12806340369555,240.78422448033749,618
670,NIL,NA,NA,NA,NA,NA,150.44283481222044,-34.24873510542744,249.287039210231,1080
671,NIL,NA,NA,NA,NA,NA,150.56106879903228,-34.33923514648109,32.738889411517015,644
672,NIL,NA,NA,NA,NA,NA,150.3176293611798,-34.12806340369555,157.96248827784018,536
673,NIL,NA,NA,NA,NA,NA,150.5196651793288,-34.10119774038721,450.25614731117014,590
674,NIL,NA,NA,NA,NA,NA,150.68640592883312,-34.636620191704125,311.81810863224155,566
675,NIL,NA,NA,NA,NA,NA,150.6605900492645,-34.48989069448756,167.88078290395356,591
676,NIL,NA,NA,NA,NA,NA,150.50327486275552,-34.281643641977084,34.01883727379277,263
677,NIL,NA,NA,NA,NA,NA,150.82029620868792,-34.242011144837335,502.24126434884295,986
678,NIL,NA,NA,NA,NA,NA,150.86158508963717,-34.3074505714023,370.6453109200037,804
679,NIL,NA,NA,NA,NA,NA,150.4695671629612,-34.29750226031889,37.224054104119666,634
680,NIL,NA,NA,NA,NA,NA,150.46782177806483,-34.403732361930224,230.96214285487554,1046
681,NIL,NA,NA,NA,NA,NA,150.54381449479683,-34.871738717616424,103.29986887306582,929
682,NIL,NA,NA,NA,NA,NA,150.54979047170946,-34.347021875981,34.86351655868963,1012
683,NIL,NA,NA,NA,NA,NA,150.52607482546676,-34.75967121410915,26.026879690530084,1080
684,NIL,NA,NA,NA,NA,NA,150.4424969012924,-34.74948034385329,51.84433156764881,458
685,NIL,NA,NA,NA,NA,NA,150.51006164762578,-34.6410768842302,281.76356503550596,954
686,NIL,NA,NA,NA,NA,NA,150.79490987785923,-34.24539859173723,263.8654034105013,574
687,NIL,NA,NA,NA,NA,NA,150.836574988714,-34.421403544130115,440.44509269861584,656
688,NIL,NA,NA,NA,NA,NA,150.90918179954292,-34.25548818142383,82.39593490775124,981
689,NIL,NA,NA,NA,NA,NA,150.6042694263316,-34.75819336225572,90.90197400471563,1274
690,NIL,NA,NA,NA,NA,NA,150.58570598747698,-34.30622522163078,78.62898240190333,672
691,NIL,NA,NA,NA,NA,NA,150.46688916461193,-34.69955746183592,129.1718620417162,328
692,NIL,NA,NA,NA,NA,NA,150.38687811409716,-34.60560377110468,320.3061299743011,1102
693,NIL,NA,NA,NA,NA,NA,150.6345568070796,-34.4601357006231,203.68128961226108,897
694,NIL,NA,NA,NA,NA,NA,150.73489605467708,-34.598072262943504,77.13938425515708,426
695,NIL,NA,NA,NA,NA,NA,150.63520705240933,-34.82343801256188,85.34936308651808,846
696,NIL,NA,NA,NA,NA,NA,150.2059042431488,-34.76079730654389,83.39647876073471,619
697,NIL,NA,NA,NA,NA,NA,150.12410406954396,-35.51127413772646,17.215114595309757,1416
698,NIL,NA,NA,NA,NA,NA,150.14347415328183,-34.92694561051531,69.7701187193064,950
699,NIL,NA,NA,NA,NA,NA,150.45946908787298,-35.14076375960305,840.1423755934981,624
700,NIL,NA,NA,NA,NA,NA,150.35808922264135,-35.197662945760115,801.7922387145995,420
701,NIL,NA,NA,NA,NA,NA,149.9056920671851,-35.014946004183415,31.575095999568596,1155
702,NIL,NA,NA,NA,NA,NA,150.13502610084208,-34.93507277563678,56.630361255091294,769
703,NIL,NA,NA,NA,NA,NA,150.71144045818306,-35.1535673217706,83.0940715712675,1212
704,NIL,NA,NA,NA,NA,NA,150.07558329599055,-35.46259329133871,82.69053111371568,1011
705,NIL,NA,NA,NA,NA,NA,150.08109207803022,-35.406672665575044,172.64683768511927,388
706,NIL,NA,NA,NA,NA,NA,149.8780219099601,-36.49386895582131,172.4243496529488,1112
707,NIL,NA,NA,NA,NA,NA,150.08697346845855,-36.07258042491253,54.167898449293524,460
708,NIL,NA,NA,NA,NA,NA,149.9089022164346,-36.51996999050333,41.17904514014843,735
709,NIL,NA,NA,NA,NA,NA,149.94750368936042,-35.76849063711168,459.1822236585235,752
710,NIL,NA,NA,NA,NA,NA,150.01298087588566,-36.40432034141072,65.54184628095271,720
711,NIL,NA,NA,NA,NA,NA,149.92685737746297,-36.44226019459209,15.371526177009368,763
712,NIL,NA,NA,NA,NA,NA,149.9873028760174,-35.93914585116231,197.43587041426588,698
713,NIL,NA,NA,NA,NA,NA,149.94080751387082,-36.40152961856251,116.854748270725,328
714,NIL,NA,NA,NA,NA,NA,149.997347615501,-36.47607220310702,39.39525260937929,512
715,NIL,NA,NA,NA,NA,NA,149.57455941288305,-35.89815438245839,290.0449464169419,473
716,NIL,NA,NA,NA,NA,NA,149.58940859057694,-36.586828810233214,116.97577850490882,615
717,NIL,NA,NA,NA,NA,NA,149.76063985792908,-36.511045982386634,81.9053176946823,316
718,NIL,NA,NA,NA,NA,NA,149.70065538372882,-36.88490027041203,359.0277580973506,538
719,NIL,NA,NA,NA,NA,NA,149.78792399547842,-37.001308098095876,123.10220088148402,434
720,NIL,NA,NA,NA,NA,NA,149.56511127688043,-36.61401943154668,136.52731361124847,1157
721,NIL,NA,NA,NA,NA,NA,149.68989083160196,-37.02926052633288,172.3330998508854,960
722,NIL,NA,NA,NA,NA,NA,149.88326298539818,-36.60652919740977,183.52223581223137,538
723,NIL,NA,NA,NA,NA,NA,149.64155662976245,-36.50519905169335,62.51547133533236,640
724,NIL,NA,NA,NA,NA,NA,149.4337484515459,-37.012777690868205,370.0838221417088,381
725,NIL,NA,NA,NA,NA,NA,149.81833862509976,-36.50819071637745,105.14806157089826,472
726,NIL,NA,NA,NA,NA,NA,148.7140331230193,-35.98918961214678,159.81405842950548,532
727,NIL,NA,NA,NA,NA,NA,147.8619251184001,-35.91512922125708,75.41599820629015,976
728,NIL,NA,NA,NA,NA,NA,148.6455104868819,-35.923347416535606,58.70877124332263,1293
729,NIL,NA,NA,NA,NA,NA,148.20690857778797,-35.912736917231044,815.4117400632367,500
730,NIL,NA,NA,NA,NA,NA,148.61706048508034,-35.98398058289506,70.36835029996422,865
731,NIL,NA,NA,NA,NA,NA,148.24754641066795,-36.17259977227395,403.37067799208927,743
732,NIL,NA,NA,NA,NA,NA,148.69576545338828,-36.035782941777086,143.4460026094971,621
733,NIL,NA,NA,NA,NA,NA,148.47489027419152,-36.157994204121465,253.18080956824483,512
734,NIL,NA,NA,NA,NA,NA,148.64157472794184,-36.21020925326993,280.4317472266737,420
735,NIL,NA,NA,NA,NA,NA,148.09270305727784,-36.0008275891901,301.8517734185967,607
736,NIL,NA,NA,NA,NA,NA,147.32937140022722,-35.120986988116954,409.7694573068818,573
737,NIL,NA,NA,NA,NA,NA,147.1393187381498,-34.831576433429575,103.27384316757967,985
738,NIL,NA,NA,NA,NA,NA,147.20192874966654,-35.15716302585568,324.567065657954,512
739,NIL,NA,NA,NA,NA,NA,147.24666053990887,-34.75277051211581,54.67519144036042,903
740,NIL,NA,NA,NA,NA,NA,147.62567509963316,-35.08374640724466,309.47291115076575,523
741,NIL,NA,NA,NA,NA,NA,147.08964820723975,-35.49987656931224,48.94124701322027,401
742,NIL,NA,NA,NA,NA,NA,147.70379937756968,-34.859833028074995,218.72026754226113,410
743,NIL,NA,NA,NA,NA,NA,147.00566764361605,-34.87478819092137,184.30513326750452,410
744,NIL,NA,NA,NA,NA,NA,147.00209700179187,-35.1350969619465,611.2968428149967,1314
745,NIL,NA,NA,NA,NA,NA,147.76156222492762,-34.84716832743261,20.68979200161998,845
746,NIL,NA,NA,NA,NA,NA,147.0075237146719,-36.06504306455817,705.3807560444114,599
747,NIL,NA,NA,NA,NA,NA,147.26723525701345,-36.008468137040154,86.95393620854033,919
748,NIL,NA,NA,NA,NA,NA,147.0917994042955,-36.43026518266524,42.8087258466302,993
749,NIL,NA,NA,NA,NA,NA,146.97981222741242,-35.79890589516216,451.7417322085888,677
750,NIL,NA,NA,NA,NA,NA,147.10450069063864,-36.460562839238456,84.80016201793113,745
751,NIL,NA,NA,NA,NA,NA,147.15454683275254,-36.243636931293636,65.62995332610285,476
752,NIL,NA,NA,NA,NA,NA,147.2479803587362,-36.15465731037249,141.3826429614255,854
753,NIL,NA,NA,NA,NA,NA,147.15097677702795,-36.41955775494684,35.003186068604734,719
754,NIL,NA,NA,NA,NA,NA,147.29323354619999,-35.770020369121454,402.96911887208455,647
755,NIL,NA,NA,NA,NA,NA,147.22204114640653,-35.85935602078786,311.08525236535513,928
756,NIL,NA,NA,NA,NA,NA,146.69277029944374,-35.7303851409207,434.5826737233357,1019
757,NIL,NA,NA,NA,NA,NA,146.267523626761,-35.061838852729096,345.3741689672707,776
758,NIL,NA,NA,NA,NA,NA,146.73650965071243,-35.33967394952252,114.6113714502943,513
759,NIL,NA,NA,NA,NA,NA,146.61713526103281,-35.4316944482018,34.68700876545913,615
760,NIL,NA,NA,NA,NA,NA,146.34747735693003,-35.518427222677815,72.38350334144114,772
761,NIL,NA,NA,NA,NA,NA,146.4853924139428,-35.64304677726583,1037.6029387459646,743
762,NIL,NA,NA,NA,NA,NA,146.37470228941436,-35.82158909888437,1009.5244170962081,557
763,NIL,NA,NA,NA,NA,NA,146.76419411698163,-35.5208887710855,56.0051188224416,779
764,NIL,NA,NA,NA,NA,NA,146.11752064915373,-35.585363038195865,429.66107153913316,677
765,NIL,NA,NA,NA,NA,NA,146.0285471039412,-35.438816018716665,230.78619994283204,1128
766,NIL,NA,NA,NA,NA,NA,145.67663952722677,-34.953682445819425,86.96640855915267,641
767,NIL,NA,NA,NA,NA,NA,145.94104828019113,-35.30718467144109,671.6511754751955,1034
768,NIL,NA,NA,NA,NA,NA,146.01425840957376,-34.946900783842196,571.7840481782347,1000
769,NIL,NA,NA,NA,NA,NA,145.88560383464954,-34.79588548555945,77.44684260739471,482
770,NIL,NA,NA,NA,NA,NA,146.10197202579667,-35.29933476288467,65.06130603871539,610
771,NIL,NA,NA,NA,NA,NA,146.21613420273107,-35.14817585429225,140.49253014080656,451
772,NIL,NA,NA,NA,NA,NA,145.6523980380278,-35.00277989266461,37.84128738859908,1027
773,NIL,NA,NA,NA,NA,NA,146.0051789625448,-35.02887482012039,330.06156840195257,451
774,NIL,NA,NA,NA,NA,NA,145.559033223943,-35.266037296497885,520.9536918679465,695
775,NIL,NA,NA,NA,NA,NA,145.711974912644,-35.17149950155226,436.5279155298351,442
776,NIL,NA,NA,NA,NA,NA,145.74158073600728,-35.911825951754885,96.91028962419776,802
777,NIL,NA,NA,NA,NA,NA,145.41302725567198,-35.77328485674144,313.88349265635804,623
778,NIL,NA,NA,NA,NA,NA,145.30644199536187,-35.55570819405651,408.1939555498206,750
779,NIL,NA,NA,NA,NA,NA,145.90301038661477,-35.76290525659575,388.6318870970629,610
780,NIL,NA,NA,NA,NA,NA,145.9039187337613,-35.691508105092126,349.522075131727,526
781,NIL,NA,NA,NA,NA,NA,145.93409087617803,-35.83079695484133,46.86366003398249,1083
782,NIL,NA,NA,NA,NA,NA,145.82101336020668,-36.01211470812903,146.6203752048762,575
783,NIL,NA,NA,NA,NA,NA,145.97424717652393,-35.341616655560514,795.0701623389054,394
784,NIL,NA,NA,NA,NA,NA,145.35807942153414,-35.78656266043372,126.28163683065026,328
785,NIL,NA,NA,NA,NA,NA,145.5238663832763,-35.65859052002976,222.487169009191,557
786,NIL,NA,NA,NA,NA,NA,142.10457858671134,-14.856474034525462,151.49680703583823,412
787,NIL,NA,NA,NA,NA,NA,142.30969938692274,-15.16695843149421,240.67944167745063,494
788,NIL,NA,NA,NA,NA,NA,142.5469669915048,-14.510349808661413,153.08631112676474,410
789,NIL,NA,NA,NA,NA,NA,142.40380293515952,-14.977276454072186,33.70003139794866,308
790,NIL,NA,NA,NA,NA,NA,142.4318825690297,-15.004885194853847,98.24436090535586,1207
791,NIL,NA,NA,NA,NA,NA,142.53240243676424,-15.005454988179356,570.0918276311708,311
792,NIL,NA,NA,NA,NA,NA,142.5692818277638,-14.976319507304693,79.73375757117421,755
793,NIL,NA,NA,NA,NA,NA,142.1291252061297,-14.73045905997067,485.6548486295448,1298
794,NIL,NA,NA,NA,NA,NA,142.32508105930597,-14.637168798499047,99.69997773376497,2315
795,NIL,NA,NA,NA,NA,NA,142.31754535124446,-14.58065228618071,201.63062792386702,875
796,NIL,NA,NA,NA,NA,NA,143.9815618371216,-35.54062254774917,103.39289697823452,460
797,NIL,NA,NA,NA,NA,NA,144.79835852507478,-35.346491241522436,861.6316192705464,477
798,NIL,NA,NA,NA,NA,NA,144.07979064317132,-35.22997666401026,108.06668947956534,268
799,NIL,NA,NA,NA,NA,NA,143.82372482008282,-35.208690217293324,175.2700188289345,423
800,NIL,NA,NA,NA,NA,NA,144.68009638284502,-35.525007427122304,75.972983650894,1021
801,NIL,NA,NA,NA,NA,NA,144.7874494422351,-35.12282862634159,159.36225677805575,622
802,NIL,NA,NA,NA,NA,NA,143.97078558745238,-35.1219747691037,210.93210155997812,640
803,NIL,NA,NA,NA,NA,NA,144.1295454558679,-35.29639178174163,178.6106445902458,405
804,NIL,NA,NA,NA,NA,NA,144.35631118941794,-34.82113989962117,197.48811147272826,431
805,NIL,NA,NA,NA,NA,NA,144.05158721686104,-35.40333727257243,36.64188718598987,572
806,NIL,NA,NA,NA,NA,NA,153.01385065311337,-28.072156390959805,566.976072485742,785
807,NIL,NA,NA,NA,NA,NA,152.95970834370647,-28.22555733148579,626.8952489253356,556
808,NIL,NA,NA,NA,NA,NA,152.553196382894,-28.029045524758914,1129.3659490144796,565
809,NIL,NA,NA,NA,NA,NA,152.90367251695508,-28.242813524476368,287.36415777058517,304
810,NIL,NA,NA,NA,NA,NA,152.82706795901487,-28.223975670331086,351.96021803980045,836
811,NIL,NA,NA,NA,NA,NA,153.06391255273581,-27.891402168596485,1672.313889143291,860
812,NIL,NA,NA,NA,NA,NA,152.71483682326982,-28.34953599046665,406.7802420600419,906
813,NIL,NA,NA,NA,NA,NA,152.64427668187074,-28.366529573016148,352.62659200656805,427
814,NIL,NA,NA,NA,NA,NA,152.7405896854038,-28.306834596667393,920.4937729949592,574
815,NIL,NA,NA,NA,NA,NA,152.4902732096471,-28.32986222903493,1823.7495995416436,394
816,NIL,NA,NA,NA,NA,NA,151.85625857951732,-28.09571265953312,379.6601986170976,918
817,NIL,NA,NA,NA,NA,NA,151.86627319122024,-28.92253422927849,773.9446026685682,864
818,NIL,NA,NA,NA,NA,NA,152.1588935885531,-28.586598781537234,1237.0460840150884,911
819,NIL,NA,NA,NA,NA,NA,151.9880992541381,-28.580541563019075,576.3410652568701,1160
820,NIL,NA,NA,NA,NA,NA,151.65924675608557,-28.153907269615907,1226.1328834372157,410
821,NIL,NA,NA,NA,NA,NA,151.89733884557853,-28.30506832958128,834.4886804314257,432
822,NIL,NA,NA,NA,NA,NA,152.03709546184876,-28.302965648318455,378.75423064811935,784
823,NIL,NA,NA,NA,NA,NA,152.16370357992378,-28.157953183803173,707.9510745577747,680
824,NIL,NA,NA,NA,NA,NA,151.67894399072867,-28.698223761966382,429.4751789146396,720
825,NIL,NA,NA,NA,NA,NA,151.8874218265106,-28.92253422927849,648.1478633245333,1594
826,NIL,NA,NA,NA,NA,NA,152.10436274609077,-27.559503911561375,261.8325404275609,839
827,NIL,NA,NA,NA,NA,NA,152.24623517525248,-27.65929522225634,428.5075071344208,909
828,NIL,NA,NA,NA,NA,NA,151.48903167424706,-27.611593612133763,546.6118205045946,1460
829,NIL,NA,NA,NA,NA,NA,151.754916062846,-27.326685159637712,1611.0606739399573,335
830,NIL,NA,NA,NA,NA,NA,152.0718906093209,-27.397645939882267,378.2306153440279,410
831,NIL,NA,NA,NA,NA,NA,152.12649299402855,-27.34245645492239,902.1621923724852,1099
832,NIL,NA,NA,NA,NA,NA,152.188959349632,-27.808872527028626,1773.6102610663474,693
833,NIL,NA,NA,NA,NA,NA,152.03528161894968,-27.583165119989545,165.87600853726514,670
834,NIL,NA,NA,NA,NA,NA,152.12580687878597,-27.375396134557555,1235.7564165304075,741
835,NIL,NA,NA,NA,NA,NA,151.8204928704164,-27.74432461433269,466.31075121215605,646
836,NIL,NA,NA,NA,NA,NA,152.43580311936265,-27.908045996443555,70.88240572114552,723
837,NIL,NA,NA,NA,NA,NA,151.88196760905888,-27.910352121625216,71.1217291358444,444
838,NIL,NA,NA,NA,NA,NA,152.2992241208891,-27.46258149949742,6149.492102543283,961
839,NIL,NA,NA,NA,NA,NA,152.59286905604597,-27.84507510287547,575.8373015633249,574
840,NIL,NA,NA,NA,NA,NA,152.58297171684762,-27.658991840795423,728.0881236184368,345
841,NIL,NA,NA,NA,NA,NA,152.11132502419056,-27.512903636305424,1291.6023133471276,449
842,NIL,NA,NA,NA,NA,NA,152.5134185500366,-27.818790959828764,609.7909086700622,946
843,NIL,NA,NA,NA,NA,NA,152.40372276706194,-27.98691241763786,377.12351503346935,660
844,NIL,NA,NA,NA,NA,NA,151.7664935101198,-27.67302643919429,1161.2044909587996,902
845,NIL,NA,NA,NA,NA,NA,151.8443252149631,-27.742559145866547,785.7110459366555,574
846,NIL,NA,NA,NA,NA,NA,152.56697929814965,-27.47083732021334,4054.31533668012,345
847,NIL,NA,NA,NA,NA,NA,152.97083965023356,-27.77680235027112,257.0531706299174,482
848,NIL,NA,NA,NA,NA,NA,153.14315085927552,-27.76113645070103,666.1763206968187,753
849,NIL,NA,NA,NA,NA,NA,152.93752250975268,-27.61394624427325,1128.3563213026914,592
850,NIL,NA,NA,NA,NA,NA,153.0220966183215,-27.407036702677274,998.0367872797359,1471
851,NIL,NA,NA,NA,NA,NA,153.06362736495305,-27.616488921234847,240.55167876669375,1207
852,NIL,NA,NA,NA,NA,NA,152.91453366127303,-27.649633619690945,1168.07335593462,664
853,NIL,NA,NA,NA,NA,NA,152.8696081560562,-27.640898421077175,427.5215256281352,431
854,NIL,NA,NA,NA,NA,NA,153.04678740806926,-27.293038280237678,936.5631213671604,632
855,NIL,NA,NA,NA,NA,NA,152.84388325636183,-27.23165737080175,2546.210077821884,760
856,NIL,NA,NA,NA,NA,NA,143.10759340981156,-36.554063706957244,1210.1536871790493,328
857,NIL,NA,NA,NA,NA,NA,143.5143161810929,-37.016466343455036,3343.9890429902844,595
858,NIL,NA,NA,NA,NA,NA,142.96133695972316,-36.55941090517024,1319.5316821528293,636
859,NIL,NA,NA,NA,NA,NA,143.16873918357393,-36.89053872418139,829.7537715432392,493
860,NIL,NA,NA,NA,NA,NA,143.69409889805127,-36.32156675887449,389.15272859205714,410
861,NIL,NA,NA,NA,NA,NA,143.87001371559887,-36.349711069979534,1208.9554275619646,263
862,NIL,NA,NA,NA,NA,NA,143.79929429028306,-36.28921063096836,541.052379526992,697
863,NIL,NA,NA,NA,NA,NA,143.31815491782106,-36.5765439140151,1074.2214076693601,468
864,NIL,NA,NA,NA,NA,NA,143.4180979689071,-36.90703871830959,575.6127524098254,211
865,NIL,NA,NA,NA,NA,NA,143.21147575147182,-36.528345685584014,363.8574748595095,211
866,NIL,NA,NA,NA,NA,NA,150.59491207413978,-26.461229982088042,479.0945088352073,1004
867,NIL,NA,NA,NA,NA,NA,150.26812270931592,-27.177723658494777,812.5481470298371,536
868,NIL,NA,NA,NA,NA,NA,150.50148830308024,-26.81361703824585,717.604400913586,794
869,NIL,NA,NA,NA,NA,NA,150.02825855477192,-27.031309247956763,1478.2576736693632,564
870,NIL,NA,NA,NA,NA,NA,150.48961701759325,-27.108318238171996,921.4411057366642,547
871,NIL,NA,NA,NA,NA,NA,150.29482573722507,-26.762576407541037,583.7174390283832,410
872,NIL,NA,NA,NA,NA,NA,150.40756778155276,-26.762259436409934,506.49458823477033,770
873,NIL,NA,NA,NA,NA,NA,150.26812270931592,-27.161897351914746,555.7427960785408,904
874,NIL,NA,NA,NA,NA,NA,150.16062253111562,-26.738795990626535,821.8999219931284,1122
875,NIL,NA,NA,NA,NA,NA,150.5255619229472,-26.66877042907666,594.8573432961659,606
876,NIL,NA,NA,NA,NA,NA,151.78198871274566,-26.167549729690982,1593.2360862584312,939
877,NIL,NA,NA,NA,NA,NA,151.45946919820378,-26.07311624279913,602.6873145622368,823
878,NIL,NA,NA,NA,NA,NA,151.97687214421865,-26.563594385102522,262.760950268832,263
879,NIL,NA,NA,NA,NA,NA,151.49355095354758,-26.017792480818233,1112.8987751352413,846
880,NIL,NA,NA,NA,NA,NA,151.71290856772941,-26.39598753764995,2300.86248950257,1427
881,NIL,NA,NA,NA,NA,NA,151.5174632837094,-26.781113962666076,730.2220398195549,468
882,NIL,NA,NA,NA,NA,NA,151.91445641130264,-26.485553666219193,568.4216841705944,916
883,NIL,NA,NA,NA,NA,NA,151.38724162143757,-26.697146847360226,214.5382143289405,622
884,NIL,NA,NA,NA,NA,NA,151.7406999593309,-26.12371235447267,3970.7643178480484,1246
885,NIL,NA,NA,NA,NA,NA,152.047197953105,-26.426880769548067,675.7972931968461,1464
886,NIL,NA,NA,NA,NA,NA,152.10218474952455,-26.996932491474574,889.2884614152184,512
887,NIL,NA,NA,NA,NA,NA,152.77756146368543,-27.211939661441278,1120.269455171901,263
888,NIL,NA,NA,NA,NA,NA,152.2993155957882,-27.154752884435887,213.16538529723124,640
889,NIL,NA,NA,NA,NA,NA,152.82065594187503,-27.018644035373946,388.4390546996098,1045
890,NIL,NA,NA,NA,NA,NA,152.329273388523,-26.990289933606817,910.4087816150159,410
891,NIL,NA,NA,NA,NA,NA,152.06472652716934,-26.80094150551419,1778.0169970497363,795
892,NIL,NA,NA,NA,NA,NA,152.4230640942767,-26.901752185615596,1107.9221123550647,856
893,NIL,NA,NA,NA,NA,NA,152.35441188165117,-27.249349707533362,585.4630188790413,1302
894,NIL,NA,NA,NA,NA,NA,152.75946609113745,-27.051864003886404,1272.9155548129884,731
895,NIL,NA,NA,NA,NA,NA,152.77756146368543,-27.17103953335746,713.6340265224879,522
896,NIL,NA,NA,NA,NA,NA,152.86067470573147,-26.676549353590815,453.4495996081067,358
897,NIL,NA,NA,NA,NA,NA,152.85945511352315,-26.416356660310722,934.7141645510076,721
898,NIL,NA,NA,NA,NA,NA,152.81400346825373,-26.57682592903759,644.5187081286937,328
899,NIL,NA,NA,NA,NA,NA,153.05666463378185,-26.848094936174626,2011.6917179424227,874
900,NIL,NA,NA,NA,NA,NA,152.84396164504437,-26.451129616766636,520.0246279423675,632
901,NIL,NA,NA,NA,NA,NA,152.63379492631412,-26.67654227848289,399.46145907758694,701
902,NIL,NA,NA,NA,NA,NA,153.018909146106,-26.620641445909577,497.59866825110197,461
903,NIL,NA,NA,NA,NA,NA,152.84268898709325,-26.60479173333691,425.15597671021646,328
904,NIL,NA,NA,NA,NA,NA,153.06541590864754,-26.39625257903111,908.2861940443971,1312
905,NIL,NA,NA,NA,NA,NA,153.0429982679214,-26.310661168086433,1329.687214606312,665
906,NIL,NA,NA,NA,NA,NA,152.99732798120368,-27.602909897511523,366.70219131913274,885
907,NIL,NA,NA,NA,NA,NA,152.84258042890684,-27.563161068397843,574.6661306322248,680
908,NIL,NA,NA,NA,NA,NA,152.98752644428993,-27.602909897511523,250.29369977463924,988
909,NIL,NA,NA,NA,NA,NA,153.32548643229933,-27.753421091946255,195.11092674020668,492
910,NIL,NA,NA,NA,NA,NA,153.28030700044826,-27.629521381509264,371.02595212441713,1019
911,NIL,NA,NA,NA,NA,NA,153.162355991173,-27.86317257797546,730.7295907555814,694
912,NIL,NA,NA,NA,NA,NA,153.09888065181383,-27.62546993339656,1046.737348135267,1010
913,NIL,NA,NA,NA,NA,NA,153.23445576498,-27.73160510129912,973.3204546557151,475
914,NIL,NA,NA,NA,NA,NA,153.037374892054,-27.235918676891764,244.15698431201747,600
915,NIL,NA,NA,NA,NA,NA,152.99382762976057,-27.646277648259684,597.1694048984192,482
916,NIL,NA,NA,NA,NA,NA,152.53436406112726,-26.10946208398606,1574.6293522072824,328
917,NIL,NA,NA,NA,NA,NA,152.85899862887288,-26.11636450279247,221.28342734546356,410
918,NIL,NA,NA,NA,NA,NA,152.3999367718772,-26.30545857038824,1082.2283985056933,645
919,NIL,NA,NA,NA,NA,NA,152.76669770756706,-25.816197765768457,2760.1853981127606,774
920,NIL,NA,NA,NA,NA,NA,152.90626178905683,-26.166974573668764,159.43280956951963,433
921,NIL,NA,NA,NA,NA,NA,153.02447617421822,-26.053693814275597,1380.2754852848607,460
922,NIL,NA,NA,NA,NA,NA,152.2657492797153,-26.05641603306925,593.6862373585526,529
923,NIL,NA,NA,NA,NA,NA,152.62736220939544,-26.218652247373257,892.9612849588233,991
924,NIL,NA,NA,NA,NA,NA,152.97410905258715,-26.202213305489067,286.1432162491404,1166
925,NIL,NA,NA,NA,NA,NA,152.24504185891794,-26.10334415504756,302.0109078834432,211
926,NIL,NA,NA,NA,NA,NA,152.61753578617606,-25.541316989728912,760.5693056251375,580
927,NIL,NA,NA,NA,NA,NA,152.38547577814938,-25.028961086863898,1025.8518681816988,316
928,NIL,NA,NA,NA,NA,NA,152.49322890724477,-25.11919455201782,1195.3057447548558,328
929,NIL,NA,NA,NA,NA,NA,152.6759184201165,-25.273053301146163,318.8648724239658,646
930,NIL,NA,NA,NA,NA,NA,153.08753110248927,-25.36898248450092,2722.8825830237624,772
931,NIL,NA,NA,NA,NA,NA,153.0793104585913,-25.515459623897684,1489.41512933425,517
932,NIL,NA,NA,NA,NA,NA,152.7406791685129,-25.364772863083516,2235.2390102172153,520
933,NIL,NA,NA,NA,NA,NA,152.53556687581155,-25.33781445588931,2493.4216626580924,492
934,NIL,NA,NA,NA,NA,NA,152.74055446630436,-25.538303040198727,506.2718086113561,884
935,NIL,NA,NA,NA,NA,NA,152.5813730401816,-25.25034738288272,1637.7942667860486,400
936,NIL,NA,NA,NA,NA,NA,151.8884171428042,-24.391917592740363,411.8465097486125,1137
937,NIL,NA,NA,NA,NA,NA,151.6481555863714,-24.410789225512268,271.6692362601134,616
938,NIL,NA,NA,NA,NA,NA,151.308563221702,-24.24496227780312,1392.470958528252,636
939,NIL,NA,NA,NA,NA,NA,151.21351883796663,-23.901396961307377,111.91566599888844,709
940,NIL,NA,NA,NA,NA,NA,151.53961941812415,-24.38468964986493,1079.4866931569045,493
941,NIL,NA,NA,NA,NA,NA,151.41316204328484,-24.356015759927764,699.7123471976832,1043
942,NIL,NA,NA,NA,NA,NA,151.67082337068297,-24.276698095033773,308.3446303441128,211
943,NIL,NA,NA,NA,NA,NA,151.30955748386964,-24.0221667621528,324.1799394423553,552
944,NIL,NA,NA,NA,NA,NA,151.6573823882672,-24.378538993133958,665.3240910666306,1283
945,NIL,NA,NA,NA,NA,NA,151.7767968116491,-24.4090762865874,173.55156547669003,1005
946,NIL,NA,NA,NA,NA,NA,152.26515429083864,-24.7433742311228,1063.2750578161613,594
947,NIL,NA,NA,NA,NA,NA,152.3048888402301,-24.756847341124118,264.9444962818442,937
948,NIL,NA,NA,NA,NA,NA,152.05138277985785,-24.99973073477205,1136.7081944198908,211
949,NIL,NA,NA,NA,NA,NA,152.14756725260668,-25.251156046666004,450.61595706501066,512
950,NIL,NA,NA,NA,NA,NA,152.02711434677127,-24.754803623753475,763.04244988675,1257
951,NIL,NA,NA,NA,NA,NA,152.11648230639588,-25.251156046666004,878.2341438116597,832
952,NIL,NA,NA,NA,NA,NA,152.43087273263876,-24.973766771521575,398.4579296927555,839
953,NIL,NA,NA,NA,NA,NA,152.20682423849104,-25.163813095760865,586.0703119188985,864
954,NIL,NA,NA,NA,NA,NA,152.46168879634322,-25.02914920704439,542.8127964459452,788
955,NIL,NA,NA,NA,NA,NA,151.97553329869055,-24.59667215020696,790.5989588494629,523
956,NIL,NA,NA,NA,NA,NA,151.2331959540568,-25.123335308890514,661.2663273262247,1113
957,NIL,NA,NA,NA,NA,NA,151.09425654438283,-25.54632634180441,688.031909422247,689
958,NIL,NA,NA,NA,NA,NA,150.98390314021083,-25.158664324475453,1182.7503362287778,492
959,NIL,NA,NA,NA,NA,NA,151.6153261139666,-25.106918433416865,520.8600594450669,356
960,NIL,NA,NA,NA,NA,NA,150.8708959913447,-25.15367395568027,860.2992962452338,1101
961,NIL,NA,NA,NA,NA,NA,151.43047688437497,-25.144529648438958,440.06536539792086,1124
962,NIL,NA,NA,NA,NA,NA,151.49352277682772,-25.37873066951007,1278.6491740733904,600
963,NIL,NA,NA,NA,NA,NA,151.012120079506,-25.381112953430993,646.0596681264673,821
964,NIL,NA,NA,NA,NA,NA,151.56012973073442,-25.254175223849472,261.1575308868201,875
965,NIL,NA,NA,NA,NA,NA,151.1049302195491,-25.18584294831227,517.6150724468978,693
966,NIL,NA,NA,NA,NA,NA,149.05585517491267,-21.06519701578997,775.8607611688403,647
967,NIL,NA,NA,NA,NA,NA,148.93509407492002,-20.95741509584466,1063.5200087547348,211
968,NIL,NA,NA,NA,NA,NA,149.03150362691508,-21.325824569455083,889.7694175638583,410
969,NIL,NA,NA,NA,NA,NA,149.07168378196252,-21.44656146483321,3372.3354906529935,500
970,NIL,NA,NA,NA,NA,NA,149.1621817781228,-21.320666329569583,1963.5466511488055,263
971,NIL,NA,NA,NA,NA,NA,149.13344291741856,-21.19734177734344,1443.9559599693803,512
972,NIL,NA,NA,NA,NA,NA,149.2156416765512,-21.41455695268632,2035.287418676654,328
973,NIL,NA,NA,NA,NA,NA,148.98488231816822,-21.22990912664926,3025.8699937972633,211
974,NIL,NA,NA,NA,NA,NA,148.9946368179552,-21.353955744996654,2474.6972952134806,342
975,NIL,NA,NA,NA,NA,NA,149.27578037871197,-21.34836126281929,661.1888712035809,410
976,NIL,NA,NA,NA,NA,NA,145.1504094223614,-16.26941717458812,851.0808424604601,628
977,NIL,NA,NA,NA,NA,NA,145.07378381773606,-16.251716965451656,350.7902510037716,412
978,NIL,NA,NA,NA,NA,NA,145.15074234747283,-16.216885883026677,815.6083226832164,845
979,NIL,NA,NA,NA,NA,NA,145.4490624164635,-16.589981630359176,1318.5522438369442,1183
980,NIL,NA,NA,NA,NA,NA,145.30403955694982,-16.648200001026485,914.414740579851,661
981,NIL,NA,NA,NA,NA,NA,145.31876297902926,-16.68882486682736,509.91130783377645,893
982,NIL,NA,NA,NA,NA,NA,145.29461910024526,-16.597801290374868,1459.9922373818029,263
983,NIL,NA,NA,NA,NA,NA,145.30374502656105,-15.898225578655534,1112.9742732687469,741
984,NIL,NA,NA,NA,NA,NA,145.4577747139925,-16.709556448443116,725.6167719857334,699
985,NIL,NA,NA,NA,NA,NA,144.86062192573667,-16.240390252503587,308.2258427690828,661
986,NIL,NA,NA,NA,NA,NA,145.44708518285205,-17.61600472872996,1047.883336798767,1297
987,NIL,NA,NA,NA,NA,NA,145.03970786611052,-17.877498499274218,927.792304514729,758
988,NIL,NA,NA,NA,NA,NA,145.09827651245496,-17.687969123243263,3764.5697261433083,1499
989,NIL,NA,NA,NA,NA,NA,145.58459756861436,-17.662835942995294,240.0149440262614,785
990,NIL,NA,NA,NA,NA,NA,145.13705797227752,-17.841994269313254,522.4272094475306,329
991,NIL,NA,NA,NA,NA,NA,144.99429111769103,-17.593581221982838,741.7980814532874,1591
992,NIL,NA,NA,NA,NA,NA,145.34884333901238,-17.700174402013676,353.4098613443621,652
993,NIL,NA,NA,NA,NA,NA,145.53785702244664,-17.79459456720553,822.987838155193,2455
994,NIL,NA,NA,NA,NA,NA,145.71675950777203,-17.87108544118909,630.8038171974544,1264
995,NIL,NA,NA,NA,NA,NA,145.40397621028808,-17.726991836271523,485.33363794574626,1487
996,NIL,NA,NA,NA,NA,NA,153.11629424385382,-29.160521819756536,13.182338829945866,7084
997,NIL,NA,NA,NA,NA,NA,153.18566394465682,-29.072076473232812,5.435441043312862,8206
998,NIL,NA,NA,NA,NA,NA,153.00088425028878,-30.39844160872228,46.401728515478176,10194
999,NIL,NA,NA,NA,NA,NA,152.74441001468728,-31.031122971430847,10.213283936187038,10774
1000,NIL,NA,NA,NA,NA,NA,147.06538946441168,-35.37198543438965,20.543429908339295,8694
1001,NIL,NA,NA,NA,NA,NA,149.97637188067262,-36.276613747915974,7.053751177445515,11831
1002,NIL,NA,NA,NA,NA,NA,150.75133000489512,-34.04394104677648,16.75791273232892,8708
1003,NIL,NA,NA,NA,NA,NA,150.95971338477102,-34.21506508012597,134.63579050692843,8756
1004,NIL,NA,NA,NA,NA,NA,151.08537433672421,-33.89010496277649,9.301544799094064,7945
1005,NIL,NA,NA,NA,NA,NA,151.1011594123,-33.7313588169686,2.682920877217913,8515
1006,NIL,NA,NA,NA,NA,NA,151.2654401489484,-33.67942697790538,20.98855555960127,8558
1007,NIL,NA,NA,NA,NA,NA,150.4543618333035,-34.026976201741036,11.172025618468748,9540
1008,NIL,NA,NA,NA,NA,NA,150.3352560547237,-34.153280927295654,5.682931534125179,4794
1009,NIL,NA,NA,NA,NA,NA,147.30224638581822,-36.26299977489052,2.7189620677945316,9380
1010,NIL,NA,NA,NA,NA,NA,145.60415165365376,-16.973604960196127,4.093573030667675,2426
1011,NIL,NA,NA,NA,NA,NA,152.70243669765426,-27.744977816224093,48.016819710414,5293
1012,NIL,NA,NA,NA,NA,NA,152.82142054982387,-27.860814699545116,5.075940206150179,5232
1013,NIL,NA,NA,NA,NA,NA,153.57691416588816,-28.729215127584325,34.43999347531354,8295
1014,NIL,NA,NA,NA,NA,NA,153.1330267149844,-28.22733340996038,32.77738738719091,5626
1015,NIL,NA,NA,NA,NA,NA,152.99771597254636,-27.78740434173647,13.262920293465552,6909
1016,NIL,NA,NA,NA,NA,NA,151.90495621752314,-27.584209877568163,14.67300516324532,7663
1017,NIL,NA,NA,NA,NA,NA,153.0873634424317,-27.762856862578097,33.69440362164964,5594
